Workbook
Name Anfangszeit: #REF!
Name Anfangszeit: #REF!
Name Intervall: #REF!
Name Intervall: #REF!

Sheet Liste
A1: Anbieter | B1: Offered by | C1: Link Lehrstuhl
A2: Prof. Dr. Vasyl Golosnoy | B2: Chair of Statistics/Econometrics | C2: https://www.wiwi.ruhr-uni-bochum.de/statoek/index.html.en
A3: Prof Dr. Ansgar Wübker | B3: Adjunct Professorship of Health Economics | C3: https://www.wiwi.ruhr-uni-bochum.de/health/index.html.en
A4: Prof. Dr. Thomas K. Bauer | B4: Chair of Empirical Economics | C4: https://www.wiwi.ruhr-uni-bochum.de/empwifo/index.html.en
A5: Dr. Bodo Knoll | B5: Chair of Public Finance and Economic Policy | C5: https://www.wiwi.ruhr-uni-bochum.de/fiwipo/index.html.en
A6: Prof. Dr. Dr. h.c. Christoph M. Schmidt | B6: Chair of Economic Policy and Applied Econometrics | C6: https://www.wiwi.ruhr-uni-bochum.de/wipooek/index.html.en
A7: Prof. Dr. Ansgar Wübker | B7: Adjunct Professorship of Health Economics | C7: https://www.wiwi.ruhr-uni-bochum.de/health/index.html.en
A8: Apl. Prof. Dr. Manuel Frondel | B8: Chair of Energy Economics and Applied Econometrics | C8: https://www2.wiwi.rub.de/en/chairs/energy-economics-and-applied-econometrics-en/
A9: Prof. Dr. Thushyanthan Baskaran | B9: Chair for Public and Regional Economics | C9: https://www2.wiwi.rub.de/en/chairs/public-and-regional-economics/
A10: Prof. Dr. Julio R. Robledo | B10: Chair of Applied Microeconomics | C10: http://www.wiwi.ruhr-uni-bochum.de/appliedmicro/index.html.en
A11: Jun.-Prof. Dr. Sanne Kruse-Becher | B11: Chair of Macroeconomics | C11: https://www2.wiwi.rub.de/lehrstuehle/juniorprofessur-makrooekonomik/
A12: Prof. Dr. Michael Roos | B12: Chair of Macroeconomics | C12: https://www.ruhr-uni-bochum.de/mak/index.html.en
... A27: Prof. Galina Zudenkova, Ph.D. | B27: Chair of Public Economics | C27: https://of.wiwi.tu-dortmund.de/en/?tabindex=1&cHash=36002773b4bac336dae210da5a9a09fe
A28: Dr. David Rügamer
A29: Prof. Dr. Katja Ickstadt | B29: Chair of Mathematical Statistics with Applications in Biometrics | C29: https://www.statistik.tu-dortmund.de/biometrie.html
A30: Prof. Dr. Christine Müller | B30: Chair of Statistics with Applications in the Field of Engineering Sciences | C30: https://www.statistik.tu-dortmund.de/ingenieurswissenschaften.html
A31: Prof. Dr. Philip Jung | B31: Professorship Macroeconomics | C31: https://www.wiwi2.tu-dortmund.de/wiwi/mak/de/lehrstuhl/index.html
A32: Prof. Dr. Carsten Jentsch | B32: Chair of Business and Social Statistics | C32: https://www.statistik.tu-dortmund.de/iwus.html
A33: Prof. Dr. Peter N. Posch | B33: Professorship of Finance | C33: https://finance.wiwi.tu-dortmund.de/
A34: Prof. Dr. Katharina Morik | B34: Chair of Artificial Intelligence | C34: https://www-ai.cs.tu-dortmund.de/index.html
A35: Prof. Dr. Kornelius Kraft | B35: Chair of Economic Policy | C35: https://www.wiwi2.tu-dortmund.de/wiwi/wp/de/lehrstuhl/index.html
A36: Prof. Dr. Roland Fried | B36: Chair of Mathematical Statistics and Applications in Sciences | C36: https://www.statistik.tu-dortmund.de/naturwissenschaften.html
A37: Dr. Paul Wiemann | B37: Chair of Computational Statistics | C37: https://www.statistik.tu-dortmund.de/computationalstats.html
A38: Prof. Dr. Henrik Müller-Josuweit | B38: Department of Cultural Studies | C38: https://kuwi.tu-dortmund.de/studium/
A39: Dr. Matthias Westphal | B39: Department of Business and Economics | C39: https://www.tu-dortmund.de/en/university/departments/business-and-economics/
A40: Prof. Dr. Nadja Klein | B40: Chair of Uncertainty Quantification and Statistical Learning | C40: https://www.tu-dortmund.de/universitaet/neuberufene-professorinnen/prof-nadja-klein/
... A62: Prof. Dr. Yannick Hoga | B62: Lehrstuhl für Finanzmarktökonometrie | C62: https://www.oek.wiwi.uni-due.de/

Sheet Kursliste
A1: Kurs | B1: Modulname | C1: Offered by | D1: Veranstaltungstyp | E1: Anbieter | F1: Ort | G1: Semester | H1: CP | I1: Modulgruppe | J1: Link_aktuelle_Veranstaltungsuebersicht | K1: MHB | L1: Sprache | M1: aktuell_angeboten
A2: Statistical Theory | B2: Statistical Theory | C2: =VLOOKUP($E2,Liste!$A$2:$C$59,2,FALSE) -> Chair of Mathematical Statistics with Applications in Biometrics | D2: Vorlesung + Übung | E2: Prof. Dr. Katja Ickstadt | F2: Dortmund | G2: WS | H2: 10 | I2: ME1a | J2: https://www.lsf.tu-dortmund.de/qisserver/rds?state=verpublish&status=init&vmfile=no&publishid=271718&moduleCall=webInfo&publishConfFile=webInfo&publishSubDir=veranstaltung | K2: 3 | L2: englisch | M2: no | N2: x
A3: Asymptotic Theory | B3: Asymptotic Theory | C3: =VLOOKUP($E3,Liste!$A$2:$C$59,2,FALSE) -> Chair of Business and Social Statistics | D3: Vorlesung + Übung | E3: Prof. Dr. Carsten Jentsch | F3: Dortmund | G3: WS | H3: 5 | I3: ME1b | J3: https://www.lsf.tu-dortmund.de/qisserver/rds?state=verpublish&status=init&vmfile=no&publishid=271722&moduleCall=webInfo&publishConfFile=webInfo&publishSubDir=veranstaltung | K3: 4 | L3: englisch | M3: no | N3: x
A4: Econometrics | B4: Econometrics | C4: =VLOOKUP($E4,Liste!$A$2:$C$59,2,FALSE) -> Chair of Econometrics and Statistics | D4: Vorlesung + Übung | E4: Prof. Dr. Matei Demetrescu | F4: Dortmund | G4: WS/SS | H4: 9 | I4: ME2 | J4: https://www.lsf.tu-dortmund.de/qisserver/rds?state=verpublish&status=init&vmfile=no&publishid=316210&moduleCall=webInfo&publishConfFile=webInfo&publishSubDir=veranstaltung | K4: 5 | L4: englisch | M4: yes | N4: x
A5: Recent Developments in Econometrics | B5: Econometrics | C5: =VLOOKUP($E5,Liste!$A$2:$C$59,2,FALSE) -> Chair of Econometrics | D5: Vorlesung + Übung | E5: Prof. Dr. Christoph Hanck | F5: Essen | G5: WS | H5: 9 | I5: ME2 | J5: https://campus.uni-due.de/lsf/rds?state=verpublish&status=init&vmfile=no&publishid=390766&moduleCall=webInfo&publishConfFile=webInfo&publishSubDir=veranstaltung | K5: 5 | L5: englisch | M5: no | N5: x
A6: Case Studies | B6: Advanced Case Studies | C6: =VLOOKUP($E6,Liste!$A$2:$C$59,2,FALSE) -> Chair of Econometrics and Statistics | D6: Seminar | E6: Prof. Dr. Matei Demetrescu | F6: Dortmund | G6: WS/SS | H6: 8 | I6: ME3 | J6: https://www.lsf.tu-dortmund.de/qisserver/rds?state=verpublish&status=init&vmfile=no&publishid=302843&moduleCall=webInfo&publishConfFile=webInfo&publishSubDir=veranstaltung | K6: 6 | L6: englisch | M6: yes | N6: x | O6: Modul steht im Handbuch als "Advanced Case Studies" und im lsf in Dortmund als "Fallstudien 2/Case Studies"; wird lt. LSF von Prof. Dr. Christine Müller angeboten
A7: Time Series Analysis | B7: Time Series Analysis | C7: =VLOOKUP($E7,Liste!$A$2:$C$59,2,FALSE) -> Chair of Econometrics | D7: Vorlesung + Übung | E7: JProf. Dr. Antonia Arsova | F7: Dortmund | G7: SS | H7: 10 | I7: ME4 | J7: https://www.lsf.tu-dortmund.de/qisserver/rds?state=verpublish&status=init&vmfile=no&publishid=302811&moduleCall=webInfo&publishConfFile=webInfo&publishSubDir=veranstaltung | K7: 7 | L7: englisch | M7: yes | N7: x
A8: Seminar in Advanced International Trade | B8: Seminar in Adcanced International Trade | C8: =VLOOKUP($E8,Liste!$A$2:$C$59,2,FALSE) -> Chair of Macroeconomics | D8: Seminar | E8: Jun.-Prof. Dr. Sanne Kruse-Becher | F8: Bochum | G8: WS | H8: 5 | I8: ME5 | J8: https://vvz.ruhr-uni-bochum.de/campus/all/event.asp?objgguid=NEW&from=vvz&gguid=0x0048608A7AE2477B9CA6172EDCAA99E2&mode=own&tguid=0xBEC4EBD3E08E451BB6DEBD69F230152F&lang=de | K8: 18 | L8: englisch | M8: no | N8: x
A9: Current Topics in Health Economics | B9: Current Topics in Health Economics | C9: =VLOOKUP($E9,Liste!$A$2:$C$59,2,FALSE) -> Adjunct Professorship of Health Economics | D9: Seminar | E9: Prof Dr. Ansgar Wübker | F9: Bochum | G9: SS | H9: 5 | I9: ME5 | J9: https://vvz.ruhr-uni-bochum.de/campus/all/module.asp?gguid=0xFA8D9EA3133E4F6DB37192C38E8B1A44&tguid=0x32F038F554334DC3AB9024E476ECAE2E&lang=en | K9: 19 | L9: englisch | M9: yes | N9: x
A10: Economic Policy and the Media | B10: Economic Policy and the Media | C10: =VLOOKUP($E10,Liste!$A$2:$C$59,2,FALSE) -> Chair of Macroeconomics | D10: Seminar | E10: Prof. Dr. Michael Roos | F10: Bochum | G10: SS | H10: 5 | I10: ME5 | J10: https://vvz.ruhr-uni-bochum.de/campus/all/module.asp?gguid=0xFA8D9EA3133E4F6DB37192C38E8B1A44&tguid=0x32F038F554334DC3AB9024E476ECAE2E&lang=en | K10: 20 | L10: englisch | M10: yes | N10: x
A11: Economics of Innovation | B11: Economics of Innovation | C11: =VLOOKUP($E11,Liste!$A$2:$C$59,2,FALSE) -> Chair of Applied Microeconomics | D11: Vorlesung + Übung | E11: Prof. Dr. Julio R. Robledo | F11: Bochum | G11: WS | H11: 10 | I11: ME5 | J11: https://www2.wiwi.rub.de/en/chairs/applied-microeconomics/ | K11: 21 | L11: englisch | M11: no | N11: x
A12: Labor Economics | B12: Labor Economics | C12: =VLOOKUP($E12,Liste!$A$2:$C$59,2,FALSE) -> Chair of Empirical Economics | D12: Vorlesung + Übung | E12: Prof. Dr. Thomas K. Bauer | F12: Bochum | G12: SS | H12: 5 | I12: ME5 | J12: https://vvz.ruhr-uni-bochum.de/campus/all/module.asp?gguid=0xB3A61A7AF4944F6DB1D6AF88F9B7E6D0&tguid=0x32F038F554334DC3AB9024E476ECAE2E&lang=en | K12: 22 | L12: englisch | M12: yes | N12: x
A13: Macroeconomics II | B13: Macroeconomics II | C13: =VLOOKUP($E13,Liste!$A$2:$C$59,2,FALSE) -> Chair of Macroeconomics | D13: Vorlesung + Übung | E13: Prof. Dr. Michael Roos | F13: Bochum | G13: WS | H13: 5 | I13: ME5 | J13: https://vvz.ruhr-uni-bochum.de/campus/all/event.asp?objgguid=NEW&from=vvz&gguid=0x85D22DC77A4B4952A6D724E7F54D6F30&mode=own&tguid=0xBEC4EBD3E08E451BB6DEBD69F230152F&lang=de | K13: 23 | L13: englisch | M13: no | N13: x
A14: Market- and Non-Market Valuation of Environmental Goods | B14: Market- and Non-Market Valuation of Environmental Goods | C14: =VLOOKUP($E14,Liste!$A$2:$C$59,2,FALSE) -> Chair of Energy Economics and Applied Econometrics | D14: Seminar | E14: Apl. Prof. Dr. Manuel Frondel | F14: RWI, Bochum | G14: WS | H14: 5 | I14: ME5 | J14: https://vvz.ruhr-uni-bochum.de/campus/all/event.asp?objgguid=NEW&from=vvz&gguid=0xB24C649577364CBF93E96C2C8B89B66A&mode=own&tguid=0xBEC4EBD3E08E451BB6DEBD69F230152F&lang=de | K14: 24 | L14: englisch | M14: no | N14: x
A15: Microeconomics I | B15: Microeconomics I | C15: =VLOOKUP($E15,Liste!$A$2:$C$59,2,FALSE) -> Chair of Applied Microeconomics | D15: Vorlesung + Übung | E15: Prof. Dr. Julio R. Robledo | F15: Bochum | G15: WS | H15: 5 | I15: ME5 | J15: https://vvz.ruhr-uni-bochum.de/campus/all/event.asp?objgguid=NEW&from=vvz&gguid=0x012C08A055EF4D189ECD2B1C4295D8EE&mode=own&tguid=0xBEC4EBD3E08E451BB6DEBD69F230152F&lang=de | K15: 25 | L15: englisch | M15: no | N15: x
A16: Microeconomics II | B16: Macroeconomics II | C16: =VLOOKUP($E16,Liste!$A$2:$C$59,2,FALSE) -> Chair of Applied Microeconomics | D16: Vorlesung + Übung | E16: Prof. Dr. Julio R. Robledo | F16: Bochum | G16: WS | H16: 5 | I16: ME5 | J16: https://vvz.ruhr-uni-bochum.de/campus/all/event.asp?gguid=0x112BEFA687E54792A3C3AA75196B6962&from=&tabID=1&tguid=0xBEC4EBD3E08E451BB6DEBD69F230152F&objgguid=NEW&lang=de | K16: 26 | L16: englisch | M16: no | N16: x
A17: Network Economics | B17: Network Economics | C17: =VLOOKUP($E17,Liste!$A$2:$C$59,2,FALSE) -> Chair of Applied Microeconomics | D17: Vorlesung + Übung | E17: Prof. Dr. Julio R. Robledo | F17: Bochum | G17: SS | H17: 5 | I17: ME5 | J17: https://vvz.ruhr-uni-bochum.de/campus/all/module.asp?gguid=0xE0F1CDEB5C414EA8A26296016B45A91C&tguid=0x32F038F554334DC3AB9024E476ECAE2E&lang=en | K17: 27 | L17: englisch | M17: yes | N17: x
A18: Public Economics | B18: Public Economics | C18: =VLOOKUP($E18,Liste!$A$2:$C$59,2,FALSE) -> Chair for Public and Regional Economics | D18: Vorlesung + Übung | E18: Prof. Dr. Thushyanthan Baskaran | F18: Bochum | G18: SS | H18: 10 | I18: ME5 | J18: https://vvz.ruhr-uni-bochum.de/campus/all/module.asp?gguid=0x45887B9DB6A64E11AEB5704840F69E67&tguid=0x32F038F554334DC3AB9024E476ECAE2E&lang=en | K18: 28 | L18: englisch | M18: yes | N18: x
... A23: Data Analysis Using R | B23: Data Analysis Using R | C23: =VLOOKUP($E23,Liste!$A$2:$C$59,2,FALSE) -> Chair of Empirical Economics | D23: Seminar | E23: Prof. Dr. Thomas K. Bauer | F23: Bochum | G23: WS | H23: 10 | I23: ME6 | J23: https://vvz.ruhr-uni-bochum.de/campus/all/event.asp?objgguid=NEW&from=vvz&gguid=0x30DAA21C003447458FA1DC079ABB1C2D&mode=own&tguid=0x9D4A62BEDC1545CCA9363F44843B7C6F&lang=de | K23: 34 | L23: englisch | M23: no | N23: x
A24: Introduction to Empirical Macroeconomics | B24: Introduction to Empirical Macroeconomics | C24: Chair of Empirical Macroeconomics | D24: Vorlesung | E24: Apl. Prof. Dr. Torsten Schmidt | F24: Bochum | G24: WS | H24: 10 | I24: ME6 | J24: https://vvz.ruhr-uni-bochum.de/campus/all/event.asp?objgguid=NEW&from=vvz&gguid=0x72EDC5F91FED493988770FDBE6379A20&mode=own&tguid=0xBEC4EBD3E08E451BB6DEBD69F230152F&lang=de | K24: 35 | L24: englisch | M24: no | N24: x
A25: Econometric Evaluation of Economic Policies | B25: Econometric Evaluation of Economic Policies | C25: =VLOOKUP($E25,Liste!$A$2:$C$59,2,FALSE) -> Chair of Empirical Economics | D25: Vorlesung | E25: Prof. Dr. Thomas K. Bauer | F25: Bochum | G25: SS | H25: 5 | I25: ME6 | J25: https://vvz.ruhr-uni-bochum.de/campus/all/module.asp?gguid=0x7A9EEB44428D46EAA5E889EB8130AD25&tguid=0x32F038F554334DC3AB9024E476ECAE2E&lang=en | K25: 36 | L25: englisch | M25: yes | N25: x
A26: Machine Learning and Programming in Python | B26: Machine Learning and Programming in Python | C26: =VLOOKUP($E26,Liste!$A$2:$C$59,2,FALSE) -> Data Science in Economics | D26: Vorlesung | E26: Prof. Dr. Astrid Krenz | F26: Bochum | G26: WS | H26: 5 | I26: ME6 | J26: https://vvz.ruhr-uni-bochum.de/campus/all/module.asp?gguid=0xD076B65EC9214F87B4C2FCA23D8EDABB&tguid=0x32F038F554334DC3AB9024E476ECAE2E&lang=en | K26: 37 | L26: englisch | M26: yes | N26: x
A27: Seminar in Quantitative Regional Economics | B27: Quantitative Regional Economics | C27: Chair of Macroeconomics | D27: Seminar | E27: Prof. Dr. Michael Roos | F27: Bochum | G27: WS/SS | H27: 5 | I27: ME6 | J27: https://vvz.ruhr-uni-bochum.de/campus/all/module.asp?gguid=0xC3A9DE0C6AEE44A19B8F11D65C527642&tguid=0x32F038F554334DC3AB9024E476ECAE2E&lang=en | K27: 38 | L27: englisch | M27: yes | N27: x
A28: Seminar in Microeconometrics | B28: Seminar in Microeconometrics | C28: =VLOOKUP($E28,Liste!$A$2:$C$59,2,FALSE) -> Chair of Empirical Economics | D28: Seminar | E28: Prof. Dr. Thomas K. Bauer | F28: Bochum | G28: as offered | H28: 10 | I28: ME6 | J28: https://www.wiwi.ruhr-uni-bochum.de/empwifo/lehre/kurs.html.en | K28: 39 | L28: englisch | M28: no | N28: x
A29: Financial Econometrics | B29: Financial Econometrics | C29: =VLOOKUP($E29,Liste!$A$2:$C$59,2,FALSE) -> Chair of Statistics/Econometrics | D29: Vorlesung + Übung | E29: Prof. Dr. Vasyl Golosnoy | F29: Bochum | G29: WS | H29: 10 | I29: ME7 | J29: https://vvz.ruhr-uni-bochum.de/campus/all/event.asp?objgguid=NEW&from=vvz&gguid=0x45D9988EA76546E7AFDFC11D18A84D4E&mode=own&tguid=0xBEC4EBD3E08E451BB6DEBD69F230152F&lang=de | K29: 40 | L29: englisch | M29: no | N29: x
A30: Introduction to Artificial Intelligence | B30: Introduction to Artificial Intelligence | C30: =VLOOKUP($E30,Liste!$A$2:$C$59,2,FALSE) -> Faculty of Computer Science | D30: Vorlesung + Übung | E30: Lecturers from Faculty of Computer Science | F30: Bochum | G30: SS | H30: 5 | I30: ME7 | J30: https://vvz.ruhr-uni-bochum.de/campus/all/event.asp?objgguid=NEW&from=&gguid=0x750168FE52FC40F19A67859CF295CC4A&mode=&tguid=0x465D15D340584F31963F02CDAA33142A&lang=de | K30: 41 | L30: englisch | M30: no | N30: x
A31: Introduction to Microeconometrics | B31: Introduction to Microeconometrics | C31: =VLOOKUP($E31,Liste!$A$2:$C$59,2,FALSE) -> Chair of Empirical Economics | D31: Vorlesung + Übung | E31: Prof. Dr. Thomas K. Bauer | F31: Bochum | G31: SS | H31: 5 | I31: ME6 | J31: Module: Introduction to Microeconometrics | K31: 42 | L31: englisch | M31: yes | N31: x
A32: Multivariate Statistical Methods | B32: Multivariate Statistical Methods | C32: =VLOOKUP($E32,Liste!$A$2:$C$59,2,FALSE) -> Chair of Statistics/Econometrics | D32: Vorlesung + Übung | E32: Prof. Dr. Vasyl Golosnoy | F32: Bochum | G32: WS/SS | H32: 10 | I32: ME7 | J32: https://vvz.ruhr-uni-bochum.de/campus/all/event.asp?objgguid=NEW&from=&gguid=0xD39F47E023D943FD90B5A71EB54DEBA3&mode=&tguid=0x465D15D340584F31963F02CDAA33142A&lang=de | K32: 43 | L32: englisch | M32: no | N32: x | O32: Dieses Semester auf Deutsch angeboten
A33: Seminar in Econometrics | B33: Seminar in Econometrics | C33: =VLOOKUP($E33,Liste!$A$2:$C$59,2,FALSE) -> Chair of Statistics/Econometrics | D33: Seminar | E33: Prof. Dr. Vasyl Golosnoy | F33: Bochum | G33: WS/SS | H33: 10 | I33: ME7 | J33: https://vvz.ruhr-uni-bochum.de/campus/all/event.asp?objgguid=NEW&from=vvz&gguid=0x66FBD53634C446DC971FD31951253291&mode=own&tguid=0x465D15D340584F31963F02CDAA33142A&lang=de | K33: 44 | L33: englisch | M33: no | N33: x
A34: Seminar in Applied Economic Policy | B34: Seminar in Applied Economic Policy | C34: =VLOOKUP($E34,Liste!$A$2:$C$59,2,FALSE) -> Chair of Economic Policy and Applied Econometrics | D34: Seminar | E34: Prof. Dr. Dr. h.c. Christoph M. Schmidt | F34: Bochum | G34: WS/SS | H34: 5 | I34: ME5 | J34: https://vvz.ruhr-uni-bochum.de/campus/all/event.asp?objgguid=NEW&from=&gguid=0xEF7531827E52442C86AB5E151351D792&mode=&tguid=0x465D15D340584F31963F02CDAA33142A&lang=de | K34: 45 | L34: englisch | M34: no | N34: x
A35: Advances in Public Economics and Political Economy | B35: Advances in Public Economics and Political Economy | C35: =VLOOKUP($E35,Liste!$A$2:$C$59,2,FALSE) -> Chair of Public Economics | D35: Vorlesung + Übung | E35: Prof. Galina Zudenkova, Ph.D. | F35: Dortmund | G35: SS | H35: 7.5 | I35: ME5 | J35: https://www.lsf.tu-dortmund.de/qisserver/rds?state=verpublish&status=init&vmfile=no&publishid=281925&moduleCall=webInfo&publishConfFile=webInfo&publishSubDir=veranstaltung | L35: englisch | M35: no | N35: x
A36: Advanced Business Cycle Analysis | B36: Applied Economics III | C36: Professorship of Applied Economics | D36: Vorlesung + Übung | E36: Prof. Dr. Ludger Linnemann | F36: Dortmund | G36: SS | H36: 7.5 | I36: ME5 | J36: https://www.lsf.tu-dortmund.de/qisserver/rds?state=verpublish&status=init&vmfile=no&publishid=317903&moduleCall=webInfo&publishConfFile=webInfo&publishSubDir=veranstaltung | K36: 46 | L36: englisch | M36: yes | N36: x
A37: Law and Economics | B37: Law and Economics | C37: Professorship of Public Economics | D37: Vorlesung + Übung | E37: Prof. Galina Zudenkova, Ph.D. | F37: Dortmund | G37: WS | H37: 7.5 | I37: ME5 | J37: https://of.wiwi.tu-dortmund.de/en/teaching/winter-term/law-and-economics/ | L37: englisch | M37: no | N37: x
A38: Labor Economics | B38: Labor Economics | C38: Chair of Empirical Economic Research | D38: Vorlesung + Übung | E38: Prof. Dr. Michael Böhm | F38: Dortmund | G38: WS | H38: 7.5 | I38: ME5 | J38: https://www.lsf.tu-dortmund.de/qisserver/rds?state=verpublish&status=init&vmfile=no&publishid=287134&moduleCall=webInfo&publishConfFile=webInfo&publishSubDir=veranstaltung | K38: 50 | L38: englisch | M38: no | N38: x
A39: Economic growth and historical development | B39: Makroökonomie I (Economic growth and historical development) | C39: Chair of Economics 1 | D39: Vorlesung + Übung | E39: Jprof. Dr. Nina Boberg-Fazlic | F39: Dortmund | G39: WS | H39: 7.5 | I39: ME5 | J39: https://vwl1.wiwi.tu-dortmund.de/lehre/wintersemester/economic-growth/ | K39: 51 | L39: englisch | M39: no | N39: x
A40: Dynamic Macroeconomics | B40: Makroökonomie IV (Macroeconomics) | C40: =VLOOKUP($E40,Liste!$A$2:$C$59,2,FALSE) -> Professorship Macroeconomics | D40: Vorlesung + Übung | E40: Prof. Dr. Philip Jung | F40: Dortmund | G40: WS | H40: 7.5 | I40: ME5 | J40: https://makro.wiwi.tu-dortmund.de/lehre/wintersemester/dynamic-macro/ | K40: 53 | L40: englisch | M40: no | N40: x
A41: Game Theory | B41: Mikroökonomie I | D41: Vorlesung + Übung | E41: Kramm, Michael | F41: Dortmund | G41: SS | H41: 7.5 | I41: ME5 | J41: https://www.lsf.tu-dortmund.de/qisserver/rds?state=verpublish&status=init&vmfile=no&publishid=317835&moduleCall=webInfo&publishConfFile=webInfo&publishSubDir=veranstaltung | K41: 55 | L41: englisch | M41: yes | N41: x
A42: Narrative Economics and the Media | B42: Narrative Economics and the Media | C42: =VLOOKUP($E42,Liste!$A$2:$C$59,2,FALSE) -> Department of Cultural Studies | D42: Vorlesung mit integriertem Seminar | E42: Prof. Dr. Henrik Müller-Josuweit | F42: Dortmund | G42: SS | H42: 7.5 | I42: ME5 | J42: https://www.lsf.tu-dortmund.de/qisserver/rds?state=verpublish&status=init&vmfile=no&publishid=318355&moduleCall=webInfo&publishConfFile=webInfo&publishSubDir=veranstaltung | K42: 56 | L42: englisch | M42: yes | N42: x
A43: Seminar Microeconomics | B43: Seminar Microeconomics | C43: Chair of Microeconomic Theory | D43: Seminar | E43: Prof. Dr. Lukas Buchheim | F43: Dortmund | G43: WS | H43: 7.5 | I43: ME5 | J43: https://www.lsf.tu-dortmund.de/qisserver/rds?state=verpublish&status=init&vmfile=no&publishid=306006&moduleCall=webInfo&publishConfFile=webInfo&publishSubDir=veranstaltung | K43: 57 | L43: englisch | M43: no | N43: x | O43: Andere Lehrperson zugeordnet: Dr. Michael Kramm; aber findet wiedersprechend der Angabe dieses Semester statt
A44: Soziale Sicherung | B44: Soziale Sicherung | C44: Department of Business and Economics | D44: Seminar | E44: Dr. Matthias Westphal | F44: Dortmund | G44: As offered | H44: 7.5 | I44: ME5 | J44: https://vwl2.wiwi.tu-dortmund.de/lehre/sommersemester/projektseminar-soziale-sicherung/ | K44: 58 | L44: english/german | M44: no | N44: x
A45: Programming Course with R | B45: Advanced Topics in Applied Econometrics | C45: Faculty of Statistics | D45: Vorlesung + Übung | E45: Lecturers from Faculty of Statistics | F45: Dortmund | G45: WS/SS | H45: 3 | I45: ME6 | J45: https://www.lsf.tu-dortmund.de/qisserver/rds?state=verpublish&status=init&vmfile=no&publishid=304108&moduleCall=webInfo&publishConfFile=webInfo&publishSubDir=veranstaltung | K45: 59 | L45: english/german | M45: no | N45: x
A46: Programming with Python | B46: Advanced Topics in Applied Econometrics | C46: =VLOOKUP($E46,Liste!$A$2:$C$59,2,FALSE) -> Faculty of Statistics | D46: Vorlesung + Übung | E46: Lecturers from Faculty of Statistics | F46: Dortmund | G46: WS/SS | H46: 3 | I46: ME6 | J46: https://www.lsf.tu-dortmund.de/qisserver/rds?state=verpublish&status=init&vmfile=no&publishid=304108&moduleCall=webInfo&publishConfFile=webInfo&publishSubDir=veranstaltung | K46: 59 | L46: english/german | M46: no | N46: x
A47: Programming with Julia | B47: Advanced Topics in Applied Econometrics | C47: =VLOOKUP($E47,Liste!$A$2:$C$59,2,FALSE) -> Faculty of Statistics | D47: Vorlesung + Übung | E47: Lecturers from Faculty of Statistics | F47: Dortmund | G47: WS/SS | H47: 3 | I47: ME6 | K47: 59 | L47: english/german | M47: no | N47: x
A48: Programming with SAS | B48: Advanced Topics in Applied Econometrics | C48: =VLOOKUP($E48,Liste!$A$2:$C$59,2,FALSE) -> Faculty of Statistics | D48: Vorlesung + Übung | E48: Lecturers from Faculty of Statistics | F48: Dortmund | G48: WS/SS | H48: 3 | I48: ME6 | J48: https://www.lsf.tu-dortmund.de/qisserver/rds?state=verpublish&status=init&vmfile=no&publishid=286342&moduleCall=webInfo&publishConfFile=webInfo&publishSubDir=veranstaltung | K48: 59 | L48: english/german | M48: no | N48: x
A49: Machine Learning for Economic Data | B49: Advanced Topics in Applied Econometrics | C49: =VLOOKUP($E49,Liste!$A$2:$C$59,2,FALSE) -> Faculty of Statistics | D49: Vorlesung + Übung | E49: Lecturers from Faculty of Statistics | F49: Dortmund | G49: WS/SS | H49: 4.5 | I49: ME6 | J49: https://www.lsf.tu-dortmund.de/qisserver/rds?state=verpublish&status=init&vmfile=no&publishid=236107&moduleCall=webInfo&publishConfFile=webInfo&publishSubDir=veranstaltung | K49: 59 | L49: english/german | M49: no | N49: x
A50: Advanced R | B50: Advanced R | C50: Faculty of Statistics | D50: Vorlesung + Übung | E50: Dr.Daniel Horn | F50: Dortmund | G50: SS | H50: 3 | I50: ME6 | J50: https://www.lsf.tu-dortmund.de/qisserver/rds?state=verpublish&status=init&vmfile=no&publishid=280993&moduleCall=webInfo&publishConfFile=webInfo&publishSubDir=veranstaltung | K50: 60 | L50: englisch | M50: no | N50: x
A51: Advanced Text Mining Methods | B51: Advanced Text Mining Methods | C51: Chair of Business and Social Statistics | D51: Vorlesung + Übung | E51: Prof. Dr. Carsten Jentsch | F51: Dortmund | G51: as offered | H51: 7.5 | I51: ME6/ME7 | J51: https://www.lsf.tu-dortmund.de/qisserver/rds?state=verpublish&status=init&vmfile=no&publishid=297223&moduleCall=webInfo&publishConfFile=webInfo&publishSubDir=veranstaltung | K51: 61 | L51: englisch | M51: no | N51: x
A52: Applied Macroeconometrics | B52: Applied Economics II | C52: =VLOOKUP($E52,Liste!$A$2:$C$59,2,FALSE) -> Professorship of Applied Economics | D52: Vorlesung + Übung | E52: Prof. Dr. Ludger Linnemann | F52: Dortmund | G52: SS | H52: 7.5 | I52: ME6 | J52: https://www.lsf.tu-dortmund.de/qisserver/rds?state=verpublish&status=init&vmfile=no&publishid=317904&moduleCall=webInfo&publishConfFile=webInfo&publishSubDir=veranstaltung | K52: 62 | L52: english/german | M52: yes | N52: x
A53: Causal Inference | B53: Applied Econometrics | C53: NA | D53: Vorlesung + Übung | E53: Prof. Dr. Menggang Yu | F53: Dortmund | G53: NA | H53: 4.5 | I53: ME6 | J53: https://www.lsf.tu-dortmund.de/qisserver/rds?state=verpublish&status=init&vmfile=no&publishid=271841&moduleCall=webInfo&publishConfFile=webInfo&publishSubDir=veranstaltung | K53: 13 | L53: englisch | M53: no | N53: x | O53: Kein gleichnamiges Modul im Modulhandbuch vorhanden
A54: Deep Learning | B54: Deep Learning | C54: Faculty of Statistics | D54: Vorlesung + Übung | E54: Lecturers from Faculty of Statistics | F54: Dortmund | G54: WS | H54: 9 | I54: ME6 | J54: https://www.lsf.tu-dortmund.de/qisserver/rds?state=verpublish&status=init&vmfile=no&publishid=306720&moduleCall=webInfo&publishConfFile=webInfo&publishSubDir=veranstaltung | K54: 63 | L54: englisch | M54: no | N54: x | O54: Nicht ganz sicher, ob es sich hierbei um die genannten Veranstaltung handelt; die verlinkte Veranstaltung wird von der Informatikfakultät angeboten
A55: Data and AI in Economics | B55: Finance I | C55: =VLOOKUP($E55,Liste!$A$2:$C$59,2,FALSE) -> Professorship of Finance | D55: Vorlesung + Übung | E55: Prof. Dr. Peter N. Posch | F55: Dortmund | G55: SS | H55: 7.5 | I55: ME6 | J55: https://www.lsf.tu-dortmund.de/qisserver/rds?state=verpublish&status=init&vmfile=no&publishid=285537&moduleCall=webInfo&publishConfFile=webInfo&publishSubDir=veranstaltung | K55: 68 | L55: englisch | M55: no | N55: x | O55: Finance 1 jetzt als "Data and AI in Economics" im MHB
A56: Financial Econometrics | B56: Finance III | C56: =VLOOKUP($E56,Liste!$A$2:$C$59,2,FALSE) -> Professorship of Finance | D56: Vorlesung + Übung | E56: Prof. Dr. Peter N. Posch | F56: Dortmund | G56: WS | H56: 7.5 | I56: ME6 | J56: https://www.lsf.tu-dortmund.de/qisserver/rds?state=verpublish&status=init&vmfile=no&publishid=287366&moduleCall=webInfo&publishConfFile=webInfo&publishSubDir=veranstaltung | K56: 66 | L56: englisch | M56: no | N56: x
A57: Research Topics in Finance, Risk- and Resourcemanagement | B57: Finance V | C57: =VLOOKUP($E57,Liste!$A$2:$C$59,2,FALSE) -> Professorship of Finance | D57: Seminar | E57: Prof. Dr. Peter N. Posch | F57: Dortmund | G57: WS/SS | H57: 7.5 | I57: ME6 | J57: https://www.lsf.tu-dortmund.de/qisserver/rds?state=verpublish&status=init&vmfile=no&publishid=318037&moduleCall=webInfo&publishConfFile=webInfo&publishSubDir=veranstaltung | K57: 67 | L57: englisch | M57: yes | N57: x
A58: Microeconometrics and Empirical Applications | B58: Wirtschaftspolitik II | C58: =VLOOKUP($E58,Liste!$A$2:$C$59,2,FALSE) -> Chair of Economic Policy | D58: Vorlesung + Übung | E58: Prof. Dr. Kornelius Kraft | F58: Dortmund | G58: WS | H58: 7.5 | I58: ME6 | J58: https://www.lsf.tu-dortmund.de/qisserver/rds?state=verpublish&status=init&vmfile=no&publishid=224685&moduleCall=webInfo&publishConfFile=webInfo&publishSubDir=veranstaltung | K58: 68 | L58: english (except german gets unanimous vote) | M58: no | N58: x
A59: Empirisches Seminar zur Wirtschaftspolitik | B59: Wirtschaftspolitik IV | C59: =VLOOKUP($E59,Liste!$A$2:$C$59,2,FALSE) -> Chair of Economic Policy | D59: Seminar | E59: Prof. Dr. Kornelius Kraft | F59: Dortmund | G59: WS/SS | H59: 7.5 | I59: ME6 | J59: https://www.lsf.tu-dortmund.de/qisserver/rds?state=verpublish&status=init&vmfile=no&publishid=266429&moduleCall=webInfo&publishConfFile=webInfo&publishSubDir=veranstaltung | K59: 69 | L59: deutsch | M59: no | N59: x
A60: Bayesian Data Analysis | B60: Seminar in Applied Econometrics | C60: Faculty of Statistics | D60: Seminar | E60: Lecturers from Faculty of Statistics | F60: Dortmund | G60: WS/SS | H60: 4 | I60: ME6 | J60: https://www.lsf.tu-dortmund.de/qisserver/rds?state=verpublish&status=init&vmfile=no&publishid=298958&moduleCall=webInfo&publishConfFile=webInfo&publishSubDir=veranstaltung | K60: 70 | L60: english/german | M60: no | N60: x
A61: Advanced Bayesian Data Analysis | B61: Advanced Topics in Econometric Methods | C61: =VLOOKUP($E61,Liste!$A$2:$C$59,2,FALSE) -> Chair of Uncertainty Quantification and Statistical Learning | D61: Vorlesung + Übung | E61: Prof. Dr. Nadja Klein | F61: Dortmund | G61: irreg. | H61: 4.5 | I61: ME7 | J61: https://www.lsf.tu-dortmund.de/qisserver/rds?state=wsearchv&search=1&subdir=veranstaltung&alias_pord.pordnr=r_zuordpos.pordnr&veranstaltung.dtxt=Bayesian+Data+Analysis&veranstaltung.semester=20241&alias_pord.pordnr=r_zuordpos.pordnr&P_start=0&P_anzahl=10&P.sort=&_form=display | K61: 71 | L61: english/german | M61: no | N61: x | O61: Steht die Veranstaltung absichtlich doppelt in der Liste?
A62: Advanced Bayesian Data Analysis | B62: Advanced Topics in Econometric Methods | C62: Faculty of Statistics | D62: Vorlesung + Übung | E62: Lecturers from Faculty of Statistics | F62: Dortmund | G62: irreg. | H62: 9 | I62: ME7 | J62: https://www.lsf.tu-dortmund.de/qisserver/rds?state=verpublish&status=init&vmfile=no&publishid=250365&moduleCall=webInfo&publishConfFile=webInfo&publishSubDir=veranstaltung | K62: 71 | L62: english/german | M62: no | N62: x | O62: Steht die Veranstaltung absichtlich doppelt in der Liste?
A63: Advanced Statistical Learning | B63: Advanced Topics in Econometric Methods | C63: =VLOOKUP($E63,Liste!$A$2:$C$59,2,FALSE) -> Chair of Statistical Methods for Big Data | D63: Vorlesung + Übung | E63: Prof. Dr. Andreas Groll | F63: Dortmund | G63: SS | H63: 9 | I63: ME7 | J63: https://www.lsf.tu-dortmund.de/qisserver/rds?state=verpublish&status=init&vmfile=no&publishid=316232&moduleCall=webInfo&publishConfFile=webInfo&publishSubDir=veranstaltung | K63: 71 | L63: english/german | M63: yes | N63: x
A64: Applied Bayesian Data Analysis | B64: Advanced Topics in Econometric Methods | C64: =VLOOKUP($E64,Liste!$A$2:$C$59,2,FALSE) -> Faculty of Statistics | D64: Vorlesung + Übung | E64: Lecturers from Faculty of Statistics | F64: Dortmund | G64: irreg. | H64: 9 | I64: ME7 | J64: https://www.lsf.tu-dortmund.de/qisserver/rds?state=verpublish&status=init&vmfile=no&publishid=291167&moduleCall=webInfo&publishConfFile=webInfo&publishSubDir=veranstaltung | K64: 71 | L64: english/german | M64: no | N64: x
A65: Bayesian Econometrics | B65: Advanced Topics in Econometric Methods | C65: Faculty of Statistics | D65: Vorlesung + Übung | E65: Lecturers from Faculty of Statistics | F65: Dortmund | G65: irreg. | H65: 4,5 | I65: ME7 | J65: https://www.lsf.tu-dortmund.de/qisserver/rds?state=verpublish&status=init&vmfile=no&publishid=250365&moduleCall=webInfo&publishConfFile=webInfo&publishSubDir=veranstaltung | K65: 71 | L65: english/german | M65: no | N65: x
A66: Bayes-Statistik | B66: Advanced Topics in Econometric Methods | C66: =VLOOKUP($E66,Liste!$A$2:$C$59,2,FALSE) -> Chair of Mathematical Statistics with Applications in Biometrics | D66: Vorlesung + Übung | E66: Prof. Dr. Katja Ickstadt | F66: Dortmund | G66: irreg. | H66: 9 | I66: ME7 | J66: https://www.lsf.tu-dortmund.de/qisserver/rds?state=verpublish&status=init&vmfile=no&publishid=298972&moduleCall=webInfo&publishConfFile=webInfo&publishSubDir=veranstaltung | K66: 71 | L66: english/german | M66: no | N66: x
A67: Bootstrap Methods | B67: Advanced Topics in Econometric Methods | C67: =VLOOKUP($E67,Liste!$A$2:$C$59,2,FALSE) -> Chair of Business and Social Statistics | D67: Vorlesung + Übung | E67: Prof. Dr. Carsten Jentsch | F67: Dortmund | G67: irreg. | H67: 9 | I67: ME7 | J67: https://www.lsf.tu-dortmund.de/qisserver/rds?state=verpublish&status=init&vmfile=no&publishid=295490&moduleCall=webInfo&publishConfFile=webInfo&publishSubDir=veranstaltung | K67: 71 | L67: english/german | M67: no | N67: x
A68: Econometrics of treatment effects and policy evaluation | B68: Advanced Topics in Econometric Methods | C68: =VLOOKUP($E68,Liste!$A$2:$C$59,2,FALSE) -> Faculty of Statistics | D68: Vorlesung + Übung | E68: Lecturers from Faculty of Statistics | F68: Dortmund | G68: irreg. | H68: 9 | I68: ME7 | J68: https://www.lsf.tu-dortmund.de/qisserver/rds?state=verpublish&status=init&vmfile=no&publishid=222759&moduleCall=webInfo&publishConfFile=webInfo&publishSubDir=veranstaltung | K68: 71 | L68: english/german | M68: no | N68: x
A69: Financial Econometrics | B69: Advanced Topics in Econometric Methods | C69: =VLOOKUP($E69,Liste!$A$2:$C$59,2,FALSE) -> Faculty of Statistics | D69: Vorlesung + Übung | E69: Lecturers from Faculty of Statistics | F69: Dortmund | G69: irreg. | H69: 4.5 | I69: ME7 | K69: 71 | L69: english/german | M69: no | N69: x
A70: Generalized Linear Models | B70: Advanced Topics in Econometric Methods | C70: =VLOOKUP($E70,Liste!$A$2:$C$59,2,FALSE) -> Chair of Statistical Methods for Big Data | D70: Vorlesung + Übung | E70: Prof. Dr. Andreas Groll | F70: Dortmund | G70: SS | H70: 9 | I70: ME7 | J70: https://www.lsf.tu-dortmund.de/qisserver/rds?state=verpublish&status=init&vmfile=no&publishid=316194&moduleCall=webInfo&publishConfFile=webInfo&publishSubDir=veranstaltung | K70: 71 | L70: english/german | M70: yes | N70: x | O70: Jetzt unter dem englischen Namen "Generalized Linear Models" im LSF
A71: Multiples Hypothesentesten | B71: Advanced Topics in Econometric Methods | C71: Faculty of Statistics | D71: Vorlesung + Übung | E71: Lecturers from Faculty of Statistics | F71: Dortmund | G71: irreg. | H71: 4.5 | I71: ME7 | J71: https://www.lsf.tu-dortmund.de/qisserver/rds?state=verpublish&status=init&vmfile=no&publishid=250365&moduleCall=webInfo&publishConfFile=webInfo&publishSubDir=veranstaltung | K71: 71 | L71: english/german | M71: no | N71: x
A72: Statistical Network Analysis | B72: Advanced Topics in Econometric Methods | C72: =VLOOKUP($E72,Liste!$A$2:$C$59,2,FALSE) -> Faculty of Statistics | D72: Vorlesung + Übung | E72: Lecturers from Faculty of Statistics | F72: Dortmund | G72: irreg. | H72: 4.5 | I72: ME7 | J72: https://www.lsf.tu-dortmund.de/qisserver/rds?state=verpublish&status=init&vmfile=no&publishid=216373&moduleCall=webInfo&publishConfFile=webInfo&publishSubDir=veranstaltung | K72: 71 | L72: english/german | M72: no | N72: x
A73: Robuste statistische Verfahren (9 ECTS) | B73: Advanced Topics in Econometric Methods | C73: =VLOOKUP($E73,Liste!$A$2:$C$59,2,FALSE) -> Faculty of Statistics | D73: Vorlesung + Übung | E73: Lecturers from Faculty of Statistics | F73: Dortmund | G73: WS/SS | H73: 9 | I73: ME7 | J73: https://www.lsf.tu-dortmund.de/qisserver/rds?state=verpublish&status=init&vmfile=no&publishid=279188&moduleCall=webInfo&publishConfFile=webInfo&publishSubDir=veranstaltung | K73: 71 | L73: english/german | M73: no | N73: x
A74: Robuste statistische Verfahren (4.5 ECTS) | B74: Advanced Topics in Econometric Methods | C74: =VLOOKUP($E74,Liste!$A$2:$C$59,2,FALSE) -> Faculty of Statistics | D74: Vorlesung + Übung | E74: Lecturers from Faculty of Statistics | F74: Dortmund | G74: WS/SS | H74: 4.5 | I74: ME7 | J74: https://www.lsf.tu-dortmund.de/qisserver/rds?state=verpublish&status=init&vmfile=no&publishid=279188&moduleCall=webInfo&publishConfFile=webInfo&publishSubDir=veranstaltung | K74: 71 | L74: english/german | M74: no | N74: x
A75: Statistik extremer Risiken | B75: Advanced Topics in Econometric Methods | C75: =VLOOKUP($E75,Liste!$A$2:$C$59,2,FALSE) -> Faculty of Statistics | D75: Vorlesung + Übung | E75: Lecturers from Faculty of Statistics | F75: Dortmund | G75: irreg. | H75: 9 | I75: ME7 | J75: https://www.lsf.tu-dortmund.de/qisserver/rds?state=verpublish&status=init&vmfile=no&publishid=216369&moduleCall=webInfo&publishConfFile=webInfo&publishSubDir=veranstaltung | K75: 71 | L75: english/german | M75: no | N75: x
A76: Sequentielle Verfahren | B76: Advanced Topics in Econometric Methods | C76: =VLOOKUP($E76,Liste!$A$2:$C$59,2,FALSE) -> Faculty of Statistics | D76: Vorlesung + Übung | E76: Lecturers from Faculty of Statistics | F76: Dortmund | G76: irreg. | H76: 9 | I76: ME7 | J76: https://www.lsf.tu-dortmund.de/qisserver/rds?state=verpublish&status=init&vmfile=no&publishid=205961&moduleCall=webInfo&publishConfFile=webInfo&publishSubDir=veranstaltung | K76: 71 | L76: english/german | M76: no | N76: x
A77: Stochastische Prozesse | B77: Advanced Topics in Econometric Methods | C77: =VLOOKUP($E77,Liste!$A$2:$C$59,2,FALSE) -> Faculty of Statistics | D77: Vorlesung + Übung | E77: Lecturers from Faculty of Statistics | F77: Dortmund | G77: irreg. | H77: 9 | I77: ME7 | J77: https://www.lsf.tu-dortmund.de/qisserver/rds?state=verpublish&status=init&vmfile=no&publishid=286358&moduleCall=webInfo&publishConfFile=webInfo&publishSubDir=veranstaltung | K77: 71 | L77: english/german | M77: no | N77: x
A78: Survival Analysis | B78: Advanced Topics in Econometric Methods | C78: =VLOOKUP($E78,Liste!$A$2:$C$59,2,FALSE) -> Faculty of Statistics | D78: Vorlesung + Übung | E78: Lecturers from Faculty of Statistics | F78: Dortmund | G78: irreg. | H78: 9 | I78: ME7 | J78: https://www.lsf.tu-dortmund.de/qisserver/rds?state=verpublish&status=init&vmfile=no&publishid=271805&moduleCall=webInfo&publishConfFile=webInfo&publishSubDir=veranstaltung | K78: 71 | L78: english/german | M78: no | N78: x
A79: Unit Root and Cointegration Analysis | B79: Advanced Topics in Econometric Methods | C79: =VLOOKUP($E79,Liste!$A$2:$C$59,2,FALSE) -> Faculty of Statistics | D79: Vorlesung + Übung | E79: Lecturers from Faculty of Statistics | F79: Dortmund | G79: irreg. | H79: 9 | I79: ME7 | J79: https://www.lsf.tu-dortmund.de/qisserver/rds?state=verpublish&status=init&vmfile=no&publishid=273254&moduleCall=webInfo&publishConfFile=webInfo&publishSubDir=veranstaltung | K79: 71 | L79: english/german | M79: no | N79: x
A80: Seminar in Econometrics | B80: Seminar in Econometrics | C80: =VLOOKUP($E80,Liste!$A$2:$C$59,2,FALSE) -> Chair of Business and Social Statistics | D80: Seminar | E80: Prof. Dr. Carsten Jentsch | F80: Dortmund | G80: WS/SS | H80: 4 | I80: ME7 | J80: https://www.lsf.tu-dortmund.de/qisserver/rds?state=verpublish&status=init&vmfile=no&publishid=251073&moduleCall=webInfo&publishConfFile=webInfo&publishSubDir=veranstaltung | K80: 72 | L80: english/german | M80: yes | N80: x | O80: no link
A81: Seminar in Zeitreihenökonometrie | B81: Seminar in Econometrics | C81: =VLOOKUP($E81,Liste!$A$2:$C$59,2,FALSE) -> Faculty of Statistics | D81: Seminar | E81: Lecturers from Faculty of Statistics | F81: Dortmund | G81: WS/SS | H81: 4 | I81: ME7 | J81: https://www.lsf.tu-dortmund.de/qisserver/rds?state=verpublish&status=init&vmfile=no&publishid=251073&moduleCall=webInfo&publishConfFile=webInfo&publishSubDir=veranstaltung | K81: 73 | L81: english/german | M81: no | N81: x
A82: Resampling Verfahren | B82: Seminar in Econometrics | C82: =VLOOKUP($E82,Liste!$A$2:$C$59,2,FALSE) -> Faculty of Statistics | D82: Seminar | E82: Lecturers from Faculty of Statistics | F82: Dortmund | G82: WS/SS | H82: 4 | I82: ME7 | J82: https://www.lsf.tu-dortmund.de/qisserver/rds?state=verpublish&status=init&vmfile=no&publishid=224458&moduleCall=webInfo&publishConfFile=webInfo&publishSubDir=veranstaltung | K82: 73 | L82: english/german | M82: no | N82: x
A83: Time Series Econometrics | B83: Seminar in Econometrics | C83: =VLOOKUP($E83,Liste!$A$2:$C$59,2,FALSE) -> Faculty of Statistics | D83: Seminar | E83: Lecturers from Faculty of Statistics | F83: Dortmund | G83: WS/SS | H83: 4 | I83: ME7 | K83: 73 | L83: english/german | M83: no | N83: x
A84: Maschinelles Lernen | B84: Maschinelles Lernen | C84: =VLOOKUP($E84,Liste!$A$2:$C$59,2,FALSE) -> Chair of Artificial Intelligence | D84: Vorlesung + Übung | E84: Prof. Dr. Katharina Morik | F84: Dortmund | G84: as offered | H84: 6 | I84: ME7 | J84: https://www.lsf.tu-dortmund.de/qisserver/rds?state=verpublish&status=init&vmfile=no&publishid=252367&moduleCall=webInfo&publishConfFile=webInfo&publishSubDir=veranstaltung | K84: 74 | L84: deutsch | M84: no | N84: x
A85: Wissensentdeckung in Datenbanken | B85: Wissensentdeckung in Datenbanken | C85: =VLOOKUP($E85,Liste!$A$2:$C$59,2,FALSE) -> Chair of Artificial Intelligence | D85: Vorlesung + Übung | E85: Prof. Dr. Katharina Morik | F85: Dortmund | G85: Annually | H85: 8 | I85: ME7 | J85: https://www.statistik.tu-dortmund.de/wissen.html | K85: 75 | L85: deutsch | M85: no | N85: x
A86: Selected topics in high-dimensional time series models | C86: Faculty of Statistics | D86: Vorlesung + Übung | E86: Prof. Dr. Abolfazl Safikhani | F86: Dortmund | G86: irreg. | I86: ME7 | J86: https://www.lsf.tu-dortmund.de/qisserver/rds?state=verpublish&status=init&vmfile=no&publishid=295493&moduleCall=webInfo&publishConfFile=webInfo&publishSubDir=veranstaltung | K86: NA | L86: englisch | M86: no | N86: x | O86: nicht im Modulhandbuch
A87: Empirical processes | B87: Advanced Topics in Econometric Methods | C87: =VLOOKUP($E87,Liste!$A$2:$C$59,2,FALSE) -> Chair of Statistics | D87: Vorlesung + Übung | E87: JProf. Dr. Dennis Dobler | F87: Dortmund | G87: irreg. | H87: 4.5 | I87: ME7 | J87: https://www.lsf.tu-dortmund.de/qisserver/rds?state=verpublish&status=init&vmfile=no&publishid=295492&moduleCall=webInfo&publishConfFile=webInfo&publishSubDir=veranstaltung | K87: 73 | L87: englisch | M87: no | N87: x
A88: Statistical Methods for Counting Processes | C88: Chair of Statistics with Applications in Engineering Sciences | D88: Vorlesung + Übung | E88: Dr. Mirko Alexander Jakubzik | F88: Dortmund | G88: irreg. | I88: ME7 | J88: https://www.lsf.tu-dortmund.de/qisserver/rds?state=verpublish&status=init&vmfile=no&publishid=321200&moduleCall=webInfo&publishConfFile=webInfo&publishSubDir=veranstaltung | K88: 68 | L88: englisch | M88: yes | N88: x
A89: Advanced Topics in Survival Analysis | C89: =VLOOKUP($E89,Liste!$A$2:$C$59,2,FALSE) -> Chair of Statistics | D89: Seminar | E89: JProf. Dr. Dennis Dobler | F89: Dortmund | G89: irreg. | I89: ME7 | J89: https://www.lsf.tu-dortmund.de/qisserver/rds?state=verpublish&status=init&vmfile=no&publishid=295253&moduleCall=webInfo&publishConfFile=webInfo&publishSubDir=veranstaltung | K89: NA | L89: englisch | M89: no | N89: x | O89: nicht im Modulhandbuch
A90: Monte Carlo Simulations (Theory and Practice) | C90: =VLOOKUP($E90,Liste!$A$2:$C$59,2,FALSE) -> Chair of Mathematical Statistics with Applications in Biometrics | D90: Seminar | E90: Prof. Dr. Katja Ickstadt | F90: Dortmund | G90: irreg. | I90: ME7 | J90: https://www.lsf.tu-dortmund.de/qisserver/rds?state=verpublish&status=init&vmfile=no&publishid=295487&moduleCall=webInfo&publishConfFile=webInfo&publishSubDir=veranstaltung | K90: NA | L90: englisch | M90: no | N90: x | O90: nicht im Modulhandbuch
A91: Model Comparisons | C91: =VLOOKUP($E91,Liste!$A$2:$C$59,2,FALSE) -> Chair of Computational Statistics | D91: Seminar | E91: Prof. Dr. Paul-Christian Bürkner | F91: Dortmund | G91: irreg. | H91: 4 | I91: ME7 | J91: https://www.lsf.tu-dortmund.de/qisserver/rds?state=verpublish&status=init&vmfile=no&publishid=316228&moduleCall=webInfo&publishConfFile=webInfo&publishSubDir=veranstaltung | K91: NA | L91: englisch | M91: yes | N91: x | O91: nicht im Modulhandbuch
A92: Forecasting and evaluating risk measures | C92: =VLOOKUP($E92,Liste!$A$2:$C$59,2,FALSE) -> Chair of Econometrics and Statistics | D92: Seminar | E92: Prof. Dr. Matei Demetrescu | F92: Dortmund | G92: irreg. | I92: ME7 | J92: https://www.lsf.tu-dortmund.de/qisserver/rds?state=verpublish&status=init&vmfile=no&publishid=297386&moduleCall=webInfo&publishConfFile=webInfo&publishSubDir=veranstaltung | K92: NA | L92: englisch | M92: no | N92: x | O92: nicht im Modulhandbuch
A93: Advanced Forecasting in Energy Markets | B93: Advanced Forecasting in Energy Markets | C93: =VLOOKUP($E93,Liste!$A$2:$C$59,2,FALSE) -> Chair of Environmental Economics, esp. Economics of Renewable Energy | D93: Seminar | E93: Jun.-Prof. Dr. Florian Ziel | F93: Essen | G93: WS | H93: 6 | I93: ME5 | J93: https://campus.uni-due.de/lsf/rds?state=verpublish&status=init&vmfile=no&publishid=397198&moduleCall=webInfo&publishConfFile=webInfo&publishSubDir=veranstaltung | K93: 76 | L93: englisch | M93: no | N93: x
A94: Advanced Industrial Organization | B94: Advanced Industrial Organization | C94: Chair of Microeconomics and International Economics | D94: Vorlesung + Übung | E94: Prof. Dr. Eugen Kovac | F94: Essen | G94: SS | H94: 6 | I94: ME5 | J94: https://campus.uni-due.de/lsf/rds?state=verpublish&status=init&vmfile=no&publishid=397954&moduleCall=webInfo&publishConfFile=webInfo&publishSubDir=veranstaltung | K94: 77 | L94: englisch | M94: no | N94: x
A95: Electricity, Renewables and District Heating | B95: Electricity, Renewables and District Heating | C95: Chair for Management Science and Energy Economics | D95: Vorlesung + Übung | E95: Prof. Dr. Christoph Weber | F95: Essen | G95: WS | H95: 6 | I95: ME5 | J95: https://campus.uni-due.de/lsf/rds?state=verpublish&status=init&vmfile=no&publishid=390609&moduleCall=webInfo&publishConfFile=webInfo&publishSubDir=veranstaltung | K95: 78 | L95: englisch | M95: no | N95: x
A96: Empirie der internationalen Geld- und Finanzmärkte | B96: Empirie der internationalen Geld- und Finanzmärkte | C96: Lehrstuhl für Volkswirtschaftslehre, insb. Internationale Wirtschaftsbeziehungen | D96: Vorlesung + Übung | E96: Prof. Dr. Volker Clausen | F96: Essen | G96: SS | H96: 6 | I96: ME5 | J96: https://campus.uni-due.de/lsf/rds?state=verpublish&status=init&vmfile=no&publishid=372974&moduleCall=webInfo&publishConfFile=webInfo&publishSubDir=veranstaltung | K96: 79 | L96: englisch | M96: no | N96: x
A97: Energy Markets and Price Formation | B97: Energy Markets and Price Formation | C97: Lehrstuhl für Energiewirtschaft | D97: Vorlesung + Übung | E97: Prof. Dr. Christoph Weber | F97: Essen | G97: SS | H97: 6 | I97: ME5 | J97: https://campus.uni-due.de/lsf/rds?state=verpublish&status=init&vmfile=no&publishid=431416&moduleCall=webInfo&publishConfFile=webInfo&publishSubDir=veranstaltung | K97: 80 | L97: englisch | M97: yes | N97: x
A98: Entscheidungstheorie | B98: Entscheidungstheorie | C98: =VLOOKUP($E98,Liste!$A$2:$C$59,2,FALSE) -> Chair of Microeconomics | D98: Vorlesung + Übung | E98: Prof. Dr. Erwin Amann | F98: Essen | G98: WS | H98: 6 | I98: ME5 | J98: https://campus.uni-due.de/lsf/rds?state=verpublish&status=init&vmfile=no&publishid=390077&moduleCall=webInfo&publishConfFile=webInfo&publishSubDir=veranstaltung | K98: 81 | L98: deutsch | M98: no | N98: x
A99: International Capital Movements: Theory and Econometric Evidence | B99: International Capital Movements: Theory and Econometric Evidence | C99: =VLOOKUP($E99,Liste!$A$2:$C$59,2,FALSE) -> Chair of International Economics | D99: Vorlesung + Übung | E99: Prof. Dr. Volker Clausen | F99: Essen | G99: WS | H99: 6 | I99: ME5 | J99: https://campus.uni-due.de/lsf/rds?state=verpublish&status=init&vmfile=no&publishid=431401&moduleCall=webInfo&publishConfFile=webInfo&publishSubDir=veranstaltung | K99: 82 | L99: englisch | M99: yes | N99: x
A100: Labour Economics and Public Policy | B100: Labour Economics and Public Policy | C100: =VLOOKUP($E100,Liste!$A$2:$C$59,2,FALSE) -> Lehrstuhl für Arbeitsmarkt- und Migrationsökonomik | D100: Vorlesung | E100: Jun.-Prof. Dr. Sebastian Otten | F100: Essen | G100: WS | H100: 6 | I100: ME5 | J100: https://campus.uni-due.de/lsf/rds?state=verpublish&status=init&vmfile=no&publishid=390863&moduleCall=webInfo&publishConfFile=webInfo&publishSubDir=veranstaltung | K100: 83 | L100: englisch | M100: no | N100: x
A101: Migration Economics | B101: Migration Economics | C101: =VLOOKUP($E101,Liste!$A$2:$C$59,2,FALSE) -> Lehrstuhl für Arbeitsmarkt- und Migrationsökonomik | D101: Vorlesung | E101: Jun.-Prof. Dr. Sebastian Otten | F101: Essen | G101: SS | H101: 6 | I101: ME5 | J101: https://campus.uni-due.de/lsf/rds?state=verpublish&status=init&vmfile=no&publishid=430659&moduleCall=webInfo&publishConfFile=webInfo&publishSubDir=veranstaltung | K101: 84 | L101: englisch | M101: yes | N101: x
A102: Neuere Entwicklungen der Mikroökonomik | B102: Neuere Entwicklungen der Mikroökonomik | C102: =VLOOKUP($E102,Liste!$A$2:$C$59,2,FALSE) -> Chair of Microeconomics | D102: Kolloquium | E102: Prof. Dr. Erwin Amann | F102: Essen | G102: WS/SS | H102: 6 | I102: ME5 | J102: https://www.mikro.wiwi.uni-due.de/studium-lehre/veranstaltungsuebersicht/ | K102: 85 | L102: deutsch/englisch | M102: no | N102: x
A103: Selected Topics in Empirical Capital Market Research | B103: Selected Topics in Empirical Capital Market Research | C103: =VLOOKUP($E103,Liste!$A$2:$C$59,2,FALSE) -> Chair of Finance | D103: Seminar | E103: Prof. Dr. Heiko Jacobs | F103: Essen | G103: WS | H103: 6 | I103: ME5 | J103: https://campus.uni-due.de/lsf/rds?state=verpublish&status=init&vmfile=no&publishid=389545&moduleCall=webInfo&publishConfFile=webInfo&publishSubDir=veranstaltung | K103: 86 | L103: englisch | M103: no | N103: x
A104: Seminar Health and Development | B104: Seminar Health and Development | C104: =VLOOKUP($E104,Liste!$A$2:$C$59,2,FALSE) -> Chair of Labour and Health Economics | D104: Seminar | E104: Jun.-Prof. Dr. Daniel Kühnle | F104: Essen | G104: SS | H104: 6 | I104: ME5 | J104: https://campus.uni-due.de/lsf/rds?state=verpublish&status=init&vmfile=no&publishid=430663&moduleCall=webInfo&publishConfFile=webInfo&publishSubDir=veranstaltung | K104: 87 | L104: englisch | M104: yes | N104: x
...
