Workbook
Name Anfangszeit: #REF!
Name Anfangszeit: #REF!
Name Intervall: #REF!
Name Intervall: #REF!

Sheet Liste
A1: Anbieter | B1: Offered by | C1: Link Lehrstuhl
A2: Prof. Dr. Ludger Linnemann | B2: Applied Economics | C2: https://www.wiwi2.tu-dortmund.de/wiwi/ae/de/lehrstuhl/
A3: Dr. Philipp Adämmer | B3: Ökonometrie und Statistik | C3: https://www.statistik.tu-dortmund.de/oekonometrie.html
A4: Prof. Dr. Andreas Groll | B4: Statistical Methods for Big Data | C4: https://www.statistik.tu-dortmund.de/bigdata.html
A5: Prof. Dr. Wolfgang Leininger | B5: VWL (Mikroökonomie) | C5: https://www.wiwi2.tu-dortmund.de/wiwi/mik/de/lehrstuhl/index.html
A6: Prof Dr. Katja Ickstadt | B6: Mathematische Statistik und biometrische Anwendungen | C6: https://www.statistik.tu-dortmund.de/biometrie.html
A7: Prof. Dr. Christine Müller | B7: Statistik mit Anwendungen im Bereich der Ingenieurwissenschaften | C7: https://www.statistik.tu-dortmund.de/ingenieurswissenschaften.html
A8: Prof. Dr. Philip Jung | B8: Makroökonomie | C8: https://www.wiwi2.tu-dortmund.de/wiwi/mak/de/lehrstuhl/index.html
A9: Prof. Dr. Carsten Jentsch | B9: Wirtschafts- und Sozialstatistik | C9: https://www.statistik.tu-dortmund.de/iwus.html
A10: Jun.-Prof. Dr. Lars Metzger | B10: Juniorprofessur Volkswirtschaftslehre 1 | C10: https://www.wiwi2.tu-dortmund.de/wiwi/of/de/einrichtung/aktuell/index.html
A11: Prof. Dr. Peter N. Posch | B11: Professur Finance | C11: https://finance.wiwi.tu-dortmund.de/
A12: Prof. Dr. Katharina Morik Prof. Dr. Erich Schubert | B12: Lehrstuhl für Künstliche Intelligenz | C12: https://www-ai.cs.tu-dortmund.de/index.html
... A34: Jun.-Prof. Dr. Daniel Kühnle | B34: Juniorprofessur für VWL, insb. Arbeitsmarkt und Gesundheit | C34: https://www.amg.wiwi.uni-due.de

Sheet Kursliste
A1: Kurs | B1: Offered by | C1: Modulname | D1: Veranstaltungstyp | E1: Anbieter | F1: ID | G1: Tag | H1: Ort | I1: Anfangszeit | J1: Endzeit | K1: zuletzt angeboten | L1: Semester | M1: Kommentar | N1: Link_aktuelle_Veranstaltungsuebersicht | O1: MHB | P1: Link Lehrstuhl | Q1: Link Modulhandbuch | R1: Sprache | S1: ECTS | T1: Section | U1: aktuell_angeboten
A2: Advanced Business Cycle Analysis | B2: =VLOOKUP($E2,Liste!$A$2:$C$34,2,FALSE) -> Applied Economics | C2: Applied Economics III | D2: Vorlesung mit integrierter Übung | E2: Prof. Dr. Ludger Linnemann | F2: ABCA | G2: MONTAG | H2: Dortmund | I2: 14:00 | J2: 18:00 | K2: SS20 | L2: SS | N2: http://www.wiwi.tu-dortmund.de/wiwi/ae/de/lehre/veranstalt/sose/abc/index.html | O2: 32 | P2: =VLOOKUP($B2,Liste!$B$2:$C$34,2,FALSE) -> https://www.wiwi2.tu-dortmund.de/wiwi/ae/de/lehrstuhl/ | Q2: https://wiwi.tu-dortmund.de/storages/wiwi/r/studiengaenge/wiwi-master/wiwi-master-2019/ma-wiwi-2019-modulhandbuch-neu.pdf#page=85 | R2: englisch | S2: 7.5 | T2: ME5 (Economics) | U2: yes
A3: Advanced Econometrics | B3: =VLOOKUP($E3,Liste!$A$2:$C$34,2,FALSE) -> Ökonometrie und Statistik | C3: Advanced Econometrics | D3: Vorlesung | E3: Dr. Philipp Adämmer | F3: AE | G3: DIENSTAG MITTWOCH | H3: Dortmund | I3: 10:00 12:00 | J3: 12:00 14:00 | K3: WS1819 | L3: WS | N3: https://www.statistik.tu-dortmund.de/advecx-17181.html | O3: 44 | P3: =VLOOKUP($B3,Liste!$B$2:$C$34,2,FALSE) -> https://www.statistik.tu-dortmund.de/oekonometrie.html | Q3: https://www.statistik.tu-dortmund.de/fileadmin/user_upload/Studium/Vorlesungsverzeichnis/WS2017_18/Kommentierte_VVZ/Wagner_Komm._Verz._WS_2017_-_Advanced_Econometrics-1.pdf | R3: deutsch/englisch | S3: 9 | T3: ME7 (Econometric Methods) | U3: no
A4: Advanced Econometrics | B4: =VLOOKUP($E4,Liste!$A$2:$C$34,2,FALSE) -> Ökonometrie und Statistik | C4: Advanced Econometrics | D4: Übung | E4: Dr. Philipp Adämmer | F4: EX-AE | G4: MITTWOCH | H4: Dortmund | I4: 14:00 | J4: 17:00 | K4: WS1819 | L4: WS | N4: https://www.statistik.tu-dortmund.de/advecx-17181.html | O4: 44 | P4: =VLOOKUP($B4,Liste!$B$2:$C$34,2,FALSE) -> https://www.statistik.tu-dortmund.de/oekonometrie.html | Q4: https://www.statistik.tu-dortmund.de/fileadmin/user_upload/Studium/Vorlesungsverzeichnis/WS2017_18/Kommentierte_VVZ/Wagner_Komm._Verz._WS_2017_-_Advanced_Econometrics-1.pdf | R4: deutsch/englisch | S4: 9 | T4: ME7 (Econometric Methods) | U4: no
A5: Advanced Forecasting in Energy Markets | B5: =VLOOKUP($E5,Liste!$A$2:$C$34,2,FALSE) -> Chair of Environmental Economics, esp. Economics of Renewable Energy | C5: Advanced Forecasting in Energy Markets | D5: Seminar | E5: Jun.-Prof. Dr. Florian Ziel | F5: AFEM | G5: DIENSTAG | H5: Essen | I5: 0.58333333 | J5: 0.66666667 | K5: SS20 | L5: SS | N5: https://www.uee.wiwi.uni-due.de/studium-lehre/sommersemester-20/12211/ | O5: 50 | P5: =VLOOKUP($B5,Liste!$B$2:$C$34,2,FALSE) -> https://www.uee.wiwi.uni-due.de | Q5: https://www.wiwi.uni-due.de/studium/informationen-zu-den-modulen/advanced-forecasting-in-energy-markets-796/ | R5: englisch | S5: 6 | T5: ME6 (Applied Econometrics) | U5: no
A6: Advanced R for Econometricians | B6: =VLOOKUP($E6,Liste!$A$2:$C$34,2,FALSE) -> Ökonometrie | C6: Advanced R for Econometricians | D6: Vorlesung mit integrierter Übung | E6: Prof. Dr. Christoph Hanck | F6: ARE | G6: MONTAG | H6: Essen | I6: 0.58333333 | J6: 0.75 | K6: WS1920 | L6: WS | N6: https://www.oek.wiwi.uni-due.de/studium-lehre/lehrveranstaltungen/wintersemester-1920/11648/ | O6: 62 | P6: =VLOOKUP($B6,Liste!$B$2:$C$34,2,FALSE) -> https://www.oek.wiwi.uni-due.de/ | Q6: https://www.wiwi.uni-due.de/studium/informationen-zu-den-modulen/advanced-r-for-econometricians-m887/ | R6: englisch | S6: 6 | T6: ME6 (Applied Econometrics) | U6: no
A7: Advanced Statistical Learning | B7: =VLOOKUP($E7,Liste!$A$2:$C$34,2,FALSE) -> Statistical Methods for Big Data | C7: Advanced Topics in Econometric Methods | D7: Vorlesung | E7: Prof. Dr. Andreas Groll | F7: ASL | G7: DIENSTAG | H7: Dortmund | I7: 0.58333333 | J7: 0.66666667 | K7: WS2021 | L7: WS | N7: https://www.lsf.tu-dortmund.de/qisserver/rds?state=verpublish&status=init&vmfile=no&publishid=225221&moduleCall=webInfo&publishConfFile=webInfo&publishSubDir=veranstaltung | O7: 44 | P7: =VLOOKUP($B7,Liste!$B$2:$C$34,2,FALSE) -> https://www.statistik.tu-dortmund.de/bigdata.html | Q7: https://www.statistik.tu-dortmund.de/fileadmin/user_upload/Studium/Studiengaenge-Infos/ModHb_MSc_DaSc_2020.pdf#page=8 | R7: englisch | S7: 9 | T7: ME7 (Econometric Methods) | U7: yes
A8: Advanced Statistical Learning | B8: =VLOOKUP($E8,Liste!$A$2:$C$34,2,FALSE) -> Statistical Methods for Big Data | C8: Advanced Topics in Econometric Methods | D8: Vorlesung | E8: Prof. Dr. Andreas Groll | F8: ASL | G8: DONNERSTAG | H8: Dortmund | I8: 0.58333333 | J8: 0.66666667 | K8: WS2021 | L8: WS | N8: https://www.lsf.tu-dortmund.de/qisserver/rds?state=verpublish&status=init&vmfile=no&publishid=225221&moduleCall=webInfo&publishConfFile=webInfo&publishSubDir=veranstaltung | O8: 44 | P8: =VLOOKUP($B8,Liste!$B$2:$C$34,2,FALSE) -> https://www.statistik.tu-dortmund.de/bigdata.html | Q8: https://www.statistik.tu-dortmund.de/fileadmin/user_upload/Studium/Studiengaenge-Infos/ModHb_MSc_DaSc_2020.pdf#page=8 | R8: englisch | S8: 9 | T8: ME7 (Econometric Methods) | U8: yes
A9: Advanced Statistical Learning | B9: =VLOOKUP($E9,Liste!$A$2:$C$34,2,FALSE) -> Statistical Methods for Big Data | C9: Advanced Topics in Econometric Methods | D9: Übung | E9: Prof. Dr. Andreas Groll | F9: ASL-EX | G9: MONTAG | H9: Dortmund | I9: 0.5 | J9: 0.58333333 | K9: WS2021 | L9: WS | N9: https://www.lsf.tu-dortmund.de/qisserver/rds?state=verpublish&status=init&vmfile=no&publishid=225216&moduleCall=webInfo&publishConfFile=webInfo&publishSubDir=veranstaltung | O9: 38 | P9: =VLOOKUP($B9,Liste!$B$2:$C$34,2,FALSE) -> https://www.statistik.tu-dortmund.de/bigdata.html | Q9: https://www.statistik.tu-dortmund.de/fileadmin/user_upload/Studium/Studiengaenge-Infos/ModHb_MSc_DaSc_2020.pdf#page=8 | R9: englisch | S9: 9 | T9: ME7 (Econometric Methods) | U9: yes
A10: Applied Macroeconometrics | B10: =VLOOKUP($E10,Liste!$A$2:$C$34,2,FALSE) -> Applied Economics | C10: Applied Economics II | D10: Vorlesung | E10: Prof. Dr. Ludger Linnemann | F10: AM | G10: DIENSTAG | H10: Dortmund | I10: 10:00 | J10: 12:00 | K10: SS20 | L10: SS | N10: http://www.wiwi.tu-dortmund.de/wiwi/ae/de/lehre/veranstalt/sose/am/index.html | O10: 38 | P10: =VLOOKUP($B10,Liste!$B$2:$C$34,2,FALSE) -> https://www.wiwi2.tu-dortmund.de/wiwi/ae/de/lehrstuhl/ | Q10: https://wiwi.tu-dortmund.de/storages/wiwi/r/studiengaenge/wiwi-master/wiwi-master-2019/ma-wiwi-2019-modulhandbuch-neu.pdf#page=84 | R10: deutsch/englisch | S10: 7.5 | T10: ME6 (Applied Econometrics) | U10: yes
A11: Applied Macroeconometrics | B11: =VLOOKUP($E11,Liste!$A$2:$C$34,2,FALSE) -> Applied Economics | C11: Applied Economics II | D11: Übung | E11: Prof. Dr. Ludger Linnemann | F11: EX-AM | G11: DONNERSTAG | H11: Dortmund | I11: 12:00 | J11: 14:00 | K11: SS20 | L11: SS | N11: http://www.wiwi.tu-dortmund.de/wiwi/ae/de/lehre/veranstalt/sose/am/index.html | O11: 38 | P11: =VLOOKUP($B11,Liste!$B$2:$C$34,2,FALSE) -> https://www.wiwi2.tu-dortmund.de/wiwi/ae/de/lehrstuhl/ | Q11: https://wiwi.tu-dortmund.de/storages/wiwi/r/studiengaenge/wiwi-master/wiwi-master-2019/ma-wiwi-2019-modulhandbuch-neu.pdf#page=84 | R11: deutsch/englisch | S11: 7.5 | T11: ME6 (Applied Econometrics) | U11: yes
A12: Applied Monetary Economics | B12: =VLOOKUP($E12,Liste!$A$2:$C$34,2,FALSE) -> Applied Economics | C12: Applied Economics I | D12: Vorlesung mit integriertem Seminar | E12: Prof. Dr. Ludger Linnemann | F12: AME | G12: MONTAG | H12: Dortmund | I12: 12:30 | J12: 15:30 | K12: WS1920 | L12: WS | M12: Veranstaltung im WiWi-Modul "Applied Economics I" | N12: http://www.wiwi.tu-dortmund.de/wiwi/ae/de/lehre/veranstalt/ws/ame/index.html | O12: 37 | P12: =VLOOKUP($B12,Liste!$B$2:$C$34,2,FALSE) -> https://www.wiwi2.tu-dortmund.de/wiwi/ae/de/lehrstuhl/ | Q12: https://wiwi.tu-dortmund.de/storages/wiwi/r/studiengaenge/wiwi-master/wiwi-master-2019/ma-wiwi-2019-modulhandbuch-neu.pdf#page=80 | R12: deutsch/englisch | S12: 7.5 | T12: ME6 (Applied Econometrics) | U12: no
A13: Applied Time Series Analysis | B13: =VLOOKUP($E13,Liste!$A$2:$C$34,2,FALSE) -> Quantitative Analyse (Statistik/Ökonometrie) | C13: Applied Time Series Analysis | D13: Vorlesung | E13: Prof. Dr. Vasyl Golosnoy | F13: ATSA | G13: DIENSTAG | H13: Bochum | I13: 10:00 | J13: 12:00 | K13: SS20 | L13: SS | M13: Abweichend in SS17: Di 14:00 Uhr - 16:00 Uhr | N13: https://vvz.ruhr-uni-bochum.de/campus/all/event.asp?objgguid=NEW&from=&gguid=0x89F4F6E2E83C4A169B410FD74E53ED35&mode=&tguid=0x9A7B3E5DBFE949E6A3541F86071B243D&lang=de | O13: 22 | P13: =VLOOKUP($B13,Liste!$B$2:$C$34,2,FALSE) -> https://www.wiwi.ruhr-uni-bochum.de/statoek/index.html.de | Q13: https://www.wiwi.ruhr-uni-bochum.de/mam/content/dekanat/master_mhb_12.11.2020.pdf#page=434 | R13: englisch | S13: 10 | T13: ME6 (Applied Econometrics) | U13: yes
A14: Applied Time Series Analysis | B14: =VLOOKUP($E14,Liste!$A$2:$C$34,2,FALSE) -> Quantitative Analyse (Statistik/Ökonometrie) | C14: Applied Time Series Analysis | D14: Übung | E14: Prof. Dr. Vasyl Golosnoy | F14: EX-ATSA | G14: DIENSTAG | H14: Bochum | I14: 8:00 | J14: 10:00 | K14: SS20 | L14: SS | N14: https://vvz.ruhr-uni-bochum.de/campus/all/event.asp?objgguid=NEW&from=vvz&gguid=0x27E01A3F3A3B4854A2C15ADAB54934B0&mode=own&tguid=0x9A7B3E5DBFE949E6A3541F86071B243D&lang=de | O14: 22 | P14: =VLOOKUP($B14,Liste!$B$2:$C$34,2,FALSE) -> https://www.wiwi.ruhr-uni-bochum.de/statoek/index.html.de | Q14: https://www.wiwi.ruhr-uni-bochum.de/mam/content/dekanat/master_mhb_12.11.2020.pdf#page=434 | R14: englisch | S14: 10 | T14: ME6 (Applied Econometrics) | U14: yes
A15: Auctions: Theory, Applications and Experiments | B15: =VLOOKUP($E15,Liste!$A$2:$C$34,2,FALSE) -> VWL (Mikroökonomie) | C15: Mikroökonomie II | D15: Vorlesung | E15: Prof. Dr. Wolfgang Leininger | F15: ATAE | G15: MONTAG | H15: Dortmund | I15: 12:00 | J15: 14:00 | K15: SS19 | L15: SS | M15: Verantaltung im WiWi-Modul "Mikroökonomie II" | N15: https://bscw.uaruhr.de/pub/bscw.cgi/262215/teaching.html | O15: 34 | P15: =VLOOKUP($B15,Liste!$B$2:$C$34,2,FALSE) -> https://www.wiwi2.tu-dortmund.de/wiwi/mik/de/lehrstuhl/index.html | R15: englisch | S15: 4 | T15: ME5 (Economics) | U15: no
A16: Bayes-Statistik | B16: =VLOOKUP($E16,Liste!$A$2:$C$34,2,FALSE) -> Mathematische Statistik und biometrische Anwendungen | C16: Bayes-Statistik | D16: Vorlesung | E16: Prof Dr. Katja Ickstadt | F16: BS | G16: MONTAG | H16: Dortmund | I16: 10:00 | J16: 12:00 | K16: SS18 | L16: SS | N16: https://www.statistik.tu-dortmund.de/biometrie-lehre.html | O16: 44 | P16: =VLOOKUP($B16,Liste!$B$2:$C$34,2,FALSE) -> https://www.statistik.tu-dortmund.de/biometrie.html | Q16: https://www.statistik.tu-dortmund.de/fileadmin/user_upload/Studium/Vorlesungsverzeichnis/SS2017/Kommentierte_VVZ/KommentiertesVVZ__Blockkurs_Fermin.pdf | R16: deutsch | S16: 9 | T16: ME7 (Econometric Methods) | U16: no
A17: Bayes-Statistik | B17: =VLOOKUP($E17,Liste!$A$2:$C$34,2,FALSE) -> Mathematische Statistik und biometrische Anwendungen | C17: Bayes-Statistik | D17: Vorlesung | E17: Prof Dr. Katja Ickstadt | F17: BS | G17: FREITAG | H17: Dortmund | I17: 10:00 | J17: 12:00 | K17: SS18 | L17: SS | N17: https://www.statistik.tu-dortmund.de/biometrie-lehre.html | O17: 44 | P17: =VLOOKUP($B17,Liste!$B$2:$C$34,2,FALSE) -> https://www.statistik.tu-dortmund.de/biometrie.html | Q17: https://www.statistik.tu-dortmund.de/fileadmin/user_upload/Studium/Vorlesungsverzeichnis/SS2017/Kommentierte_VVZ/KommentiertesVVZ__Blockkurs_Fermin.pdf | R17: deutsch | S17: 9 | T17: ME7 (Econometric Methods) | U17: no
A18: Bayes-Statistik | B18: =VLOOKUP($E18,Liste!$A$2:$C$34,2,FALSE) -> Mathematische Statistik und biometrische Anwendungen | C18: Bayes-Statistik | D18: Übung | E18: Prof Dr. Katja Ickstadt | F18: EX-BS | G18: MONTAG | H18: Dortmund | I18: 8:00 | J18: 10:00 | K18: SS18 | L18: SS | M18: jweiels alternative Termine | N18: https://www.statistik.tu-dortmund.de/biometrie-lehre.html | O18: 44 | P18: =VLOOKUP($B18,Liste!$B$2:$C$34,2,FALSE) -> https://www.statistik.tu-dortmund.de/biometrie.html | Q18: https://www.statistik.tu-dortmund.de/fileadmin/user_upload/Studium/Vorlesungsverzeichnis/SS2017/Kommentierte_VVZ/KommentiertesVVZ__Blockkurs_Fermin.pdf | R18: deutsch | S18: 9 | T18: ME7 (Econometric Methods) | U18: no
A19: Bayes-Statistik | B19: =VLOOKUP($E19,Liste!$A$2:$C$34,2,FALSE) -> Mathematische Statistik und biometrische Anwendungen | C19: Bayes-Statistik | D19: Übung | E19: Prof Dr. Katja Ickstadt | F19: EX-BS | G19: DONNERSTAG | H19: Dortmund | I19: 10:00 | J19: 12:00 | K19: SS18 | L19: SS | M19: jweiels alternative Termine | N19: https://www.statistik.tu-dortmund.de/biometrie-lehre.html | O19: 44 | P19: =VLOOKUP($B19,Liste!$B$2:$C$34,2,FALSE) -> https://www.statistik.tu-dortmund.de/biometrie.html | Q19: https://www.statistik.tu-dortmund.de/fileadmin/user_upload/Studium/Vorlesungsverzeichnis/SS2017/Kommentierte_VVZ/KommentiertesVVZ__Blockkurs_Fermin.pdf | R19: deutsch | S19: 9 | T19: ME7 (Econometric Methods) | U19: no
A20: Bayesian Econometrics | B20: =VLOOKUP($E20,Liste!$A$2:$C$34,2,FALSE) -> Ökonometrie | C20: Fortgeschrittene Ökonometrie | D20: Vorlesung | E20: Prof. Dr. Christoph Hanck | F20: BECMX | G20: WECHSELND | H20: Essen | K20: WS1920 | L20: SS/WS | M20: Block in WS18 | N20: https://www.oek.wiwi.uni-due.de/studium-lehre/lehrveranstaltungen/wintersemester-1920/11312/ | O20: 77 | P20: =VLOOKUP($B20,Liste!$B$2:$C$34,2,FALSE) -> https://www.oek.wiwi.uni-due.de/ | Q20: https://www.wiwi.uni-due.de/studium/informationen-zu-den-modulen/fortgeschrittene-oekonometrie-75/ | R20: deutsch/englisch | S20: 3 | T20: ME7 (Econometric Methods) | U20: no
A21: Bayesian Econometrics | B21: =VLOOKUP($E21,Liste!$A$2:$C$34,2,FALSE) -> Ökonometrie | C21: Fortgeschrittene Ökonometrie | D21: Übung | E21: Prof. Dr. Christoph Hanck | F21: EX-BECMX | G21: SAMSTAG | H21: Essen | K21: WS1920 | L21: SS/WS | M21: Block in WS18 | N21: https://www.oek.wiwi.uni-due.de/studium-lehre/lehrveranstaltungen/wintersemester-1920/11311/ | O21: 77 | P21: =VLOOKUP($B21,Liste!$B$2:$C$34,2,FALSE) -> https://www.oek.wiwi.uni-due.de/ | Q21: https://www.wiwi.uni-due.de/studium/informationen-zu-den-modulen/fortgeschrittene-oekonometrie-75/ | R21: deutsch/englisch | S21: 3 | T21: ME7 (Econometric Methods) | U21: no
A22: Case Studies | B22: =VLOOKUP($E22,Liste!$A$2:$C$34,2,FALSE) -> Faculty of Statistics | C22: Case Studies | D22: Seminar | E22: Lecturers from Faculty of Statistics | F22: FSII | G22: MITTWOCH | H22: Dortmund | I22: 10:00 | J22: 14:00 | K22: WS1920 | L22: SS/WS | N22: https://www.lsf.tu-dortmund.de/qisserver/rds?state=verpublish&status=init&vmfile=no&publishid=225159&moduleCall=webInfo&publishConfFile=webInfo&publishSubDir=veranstaltung | O22: 5 | P22: =VLOOKUP($B22,Liste!$B$2:$C$34,2,FALSE) -> https://www-ai.cs.tu-dortmund.de/index.html | Q22: https://www.statistik.tu-dortmund.de/fileadmin/user_upload/Studium/Studiengaenge-Infos/ModHb_MSc_DaSc_2020.pdf#page=11 | R22: deutsch | S22: 8 | T22: ME3 | U22: yes
A23: Causality and Programme Evaluation | B23: =VLOOKUP($E23,Liste!$A$2:$C$34,2,FALSE) -> Lehrstuhl für VWL, insb. Gesundheitsökonomik | C23: Causality and Programme Evaluation | D23: Vorlesung | E23: Prof. Dr. Martin Karlsson | F23: CAPE | G23: MONTAG | H23: Essen | I23: 0.41666667 | J23: 0.5 | K23: SS18 | L23: SS | N23: https://www.goek.wiwi.uni-due.de/studium-lehre/lehrveranstaltungen/sommersemester-19/10840/ | O23: 79 | P23: =VLOOKUP($B23,Liste!$B$2:$C$34,2,FALSE) -> https://www.goek.wiwi.uni-due.de/startseite/ | Q23: https://www.wiwi.uni-due.de/studium/informationen-zu-den-modulen/causality-and-programme-evaluation-473/ | R23: englisch | S23: 3 | T23: ME7 (Econometric Methods) | U23: no
A24: Causality and Programme Evaluation | B24: =VLOOKUP($E24,Liste!$A$2:$C$34,2,FALSE) -> Lehrstuhl für VWL, insb. Gesundheitsökonomik | C24: Causality and Programme Evaluation | D24: Übung | E24: Prof. Dr. Martin Karlsson | F24: EX-CAPE | G24: MiTTWOCH | H24: Essen | I24: 0.58333333 | J24: 0.66666667 | K24: SS18 | L24: SS | N24: https://www.goek.wiwi.uni-due.de/studium-lehre/lehrveranstaltungen/sommersemester-19/10839/ | O24: 79 | P24: =VLOOKUP($B24,Liste!$B$2:$C$34,2,FALSE) -> https://www.goek.wiwi.uni-due.de/startseite/ | Q24: https://www.wiwi.uni-due.de/studium/informationen-zu-den-modulen/causality-and-programme-evaluation-473/ | R24: englisch | S24: 3 | T24: ME7 (Econometric Methods) | U24: no
A25: Current Topics in Health Economics | B25: =VLOOKUP($E25,Liste!$A$2:$C$34,2,FALSE) -> Apl.-Professur für Health Economics | C25: Current Topics in Health Economics | D25: Seminar | E25: Prof Dr. Ansgar Wübker | F25: CTHE | H25: Bochum/RGS | K25: SS20 | L25: SS | M25: In SS19: Kick-Off Meeting: 18.04.2019; Seminar: 27.06. - 28.06.2018; 9 am - 5 pm RWI Essen | N25: https://vvz.ruhr-uni-bochum.de/campus/all/event.asp?objgguid=NEW&from=vvz&gguid=0xCC7BE32B58EA4AB5BD3AECB361F94DDB&mode=own&tguid=0x9A7B3E5DBFE949E6A3541F86071B243D&lang=de | O25: 15 | P25: =VLOOKUP($B25,Liste!$B$2:$C$34,2,FALSE) -> https://www.wiwi.ruhr-uni-bochum.de/health/index.html.de | Q25: https://www.wiwi.ruhr-uni-bochum.de/mam/content/dekanat/master_mhb_12.11.2020.pdf#page=141 | R25: englisch | S25: 5 | T25: ME5 (Economics) | U25: yes
A26: Data Analysis Using Stata | B26: =VLOOKUP($E26,Liste!$A$2:$C$34,2,FALSE) -> Empirical Economics | C26: Data Analysis Using Stata | D26: Seminar | E26: Prof. Dr. Thomas K. Bauer | F26: DAUS | G26: DIENSTAG | H26: Bochum | I26: 0.58333333 | J26: 0.66666667 | K26: WS1920 | L26: WS | M26: Neue Veranstaltung | N26: https://vvz.ruhr-uni-bochum.de/campus/all/event.asp?gguid=0x2133DD1B5E6F404198A0D2B9CF0576CB&from=vvz&mode=own&tabID=1&tguid=0xF13C2A4A39064F2295BE2AE837945F8E&objgguid=NEW&lang=de | O26: 23 | P26: =VLOOKUP($B26,Liste!$B$2:$C$34,2,FALSE) -> https://www.wiwi.ruhr-uni-bochum.de/empwifo/index.html.en | Q26: http://www.wiwi.ruhr-uni-bochum.de/mam/content/dekanat/modulhandbuch__master_-wise_2018_19_21.08.2018.pdf#page=77 | R26: englisch | S26: 5 | T26: ME6 (Applied Econometrics) | U26: no
A27: Dynamic Macroeconomics | B27: =VLOOKUP($E27,Liste!$A$2:$C$34,2,FALSE) -> Makroökonomie | C27: Makroökonomie IV | D27: Vorlesung mit integrierter Übung | E27: Prof. Dr. Philip Jung | F27: DM | G27: DIENSTAG | H27: Dortmund | I27: 10:00 | J27: 14:00 | K27: WS1920 | L27: WS | M27: Veranstaltung im Modul "Makroökonomie IV" | N27: https://www.lsf.tu-dortmund.de/qisserver/rds?state=verpublish&status=init&vmfile=no&publishid=224693&moduleCall=webInfo&publishConfFile=webInfo&publishSubDir=veranstaltung | O27: 33 | P27: =VLOOKUP($B27,Liste!$B$2:$C$34,2,FALSE) -> https://www.wiwi2.tu-dortmund.de/wiwi/mak/de/lehrstuhl/index.html | Q27: https://wiwi.tu-dortmund.de/storages/wiwi/r/studiengaenge/wiwi-master/wiwi-master-2019/ma-wiwi-2019-modulhandbuch-neu.pdf#page=86 | R27: englisch | S27: 7.5 | T27: ME5 (Economics) | U27: no
A28: Dynamic Macroeconomics | B28: =VLOOKUP($E28,Liste!$A$2:$C$34,2,FALSE) -> Makroökonomie | C28: Makroökonomie IV | D28: Übung | E28: Prof. Dr. Philip Jung | F28: EX-DM | G28: DIENSTAG | H28: Dortmund | I28: 08:30:00 | J28: 10:00 | K28: WS1920 | L28: WS | M28: Veranstaltung im Modul "Makroökonomie IV" | N28: https://www.lsf.tu-dortmund.de/qisserver/rds?state=verpublish&status=init&vmfile=no&publishid=224694&moduleCall=webInfo&publishConfFile=webInfo&publishSubDir=veranstaltung | O28: 33 | P28: =VLOOKUP($B28,Liste!$B$2:$C$34,2,FALSE) -> https://www.wiwi2.tu-dortmund.de/wiwi/mak/de/lehrstuhl/index.html | Q28: https://wiwi.tu-dortmund.de/storages/wiwi/r/studiengaenge/wiwi-master/wiwi-master-2019/ma-wiwi-2019-modulhandbuch-neu.pdf#page=86 | R28: englisch | S28: 7.5 | T28: ME5 (Economics) | U28: no
A29: Econometric Evaluation of Economic Policies | B29: =VLOOKUP($E29,Liste!$A$2:$C$34,2,FALSE) -> Empirical Economics | C29: Econometric Evaluation of Economic Policies | D29: Vorlesung | E29: Prof. Dr. Thomas K. Bauer | F29: EEEP | G29: FREITAG | H29: Bochum/RGS | I29: 14:00 | J29: 16:00 | K29: SS20 | L29: SS | M29: Auch in WS1718: Fr 14:00 Uhr - 16:00 Uhr | N29: https://vvz.ruhr-uni-bochum.de/campus/all/event.asp?objgguid=NEW&from=&gguid=0x6B6CCD3F81FE49E3BCFE7A396FB4F7CC&mode=&tguid=0x9A7B3E5DBFE949E6A3541F86071B243D&lang=de | O29: 25 | P29: =VLOOKUP($B29,Liste!$B$2:$C$34,2,FALSE) -> https://www.wiwi.ruhr-uni-bochum.de/empwifo/index.html.en | Q29: https://www.wiwi.ruhr-uni-bochum.de/mam/content/dekanat/master_mhb_12.11.2020.pdf#page=112 | R29: englisch | S29: 5 | T29: ME6 (Applied Econometrics) | U29: yes
A30: Econometrics | B30: =VLOOKUP($E30,Liste!$A$2:$C$34,2,FALSE) -> Wirtschafts- und Sozialstatistik | C30: Econometrics | D30: Vorlesung mit integrierter Übung | E30: Prof. Dr. Carsten Jentsch | F30: ECMX | H30: Dortmund | K30: SS20 | L30: SS | M30: Neue Veranstaltung | N30: https://www.lsf.tu-dortmund.de/qisserver/rds?state=verpublish&status=init&vmfile=no&publishid=236695&moduleCall=webInfo&publishConfFile=webInfo&publishSubDir=veranstaltung | O30: 4 | P30: =VLOOKUP($B30,Liste!$B$2:$C$34,2,FALSE) -> https://www.statistik.tu-dortmund.de/iwus.html | R30: englisch | S30: 9 | T30: ME2 | U30: yes
A31: Econometrics II | B31: =VLOOKUP($E31,Liste!$A$2:$C$34,2,FALSE) -> Lehrstuhl für Quantitative Methoden in den Wirtschaftswissenschaften | C31: Econometrics II | D31: Vorlesung | E31: Prof. Dr. Marie Paul | F31: ECMXII | H31: MSM/RGS | K31: SS19 | L31: SS | N31: https://www.qmw.msm.uni-due.de/lehre/lehrveranstaltungen/sommersemester-21/4551/ | O31: 10 | P31: =VLOOKUP($B31,Liste!$B$2:$C$34,2,FALSE) -> https://www.qmw.msm.uni-due.de/startseite/ | Q31: http://rgs-econ.org/courses/current/ | R31: englisch | S31: 3 | T31: ME6 (Applied Econometrics) | U31: yes
A32: Econometrics II | B32: =VLOOKUP($E32,Liste!$A$2:$C$34,2,FALSE) -> Lehrstuhl für Quantitative Methoden in den Wirtschaftswissenschaften | C32: Econometrics II | D32: Übung | E32: Prof. Dr. Marie Paul | F32: EX-ECMXII | H32: MSM/RGS | K32: SS19 | L32: SS | N32: https://www.qmw.msm.uni-due.de/lehre/lehrveranstaltungen/sommersemester-21/4552/ | O32: 10 | P32: =VLOOKUP($B32,Liste!$B$2:$C$34,2,FALSE) -> https://www.qmw.msm.uni-due.de/startseite/ | Q32: http://rgs-econ.org/courses/current/ | R32: englisch | S32: 3 | T32: ME6 (Applied Econometrics) | U32: yes
A33: Econometrics of Electricity Markets | B33: =VLOOKUP($E33,Liste!$A$2:$C$34,2,FALSE) -> Chair of Environmental Economics, esp. Economics of Renewable Energy | C33: Econometrics of Electricity Markets | D33: Vorlesung | E33: Jun.-Prof. Dr. Florian Ziel | F33: ECMXEM | G33: MONTAG | H33: Essen | I33: 0.41666667 | J33: 0.5 | K33: WS1920 | L33: SS | N33: https://www.uee.wiwi.uni-due.de/studium-lehre/sommersemester-21/13269/ | O33: 64 | P33: =VLOOKUP($B33,Liste!$B$2:$C$34,2,FALSE) -> https://www.uee.wiwi.uni-due.de | Q33: https://www.wiwi.uni-due.de/studium/informationen-zu-den-modulen/econometrics-of-electricity-markets-788/ | R33: englisch | S33: 6 | T33: ME6 (Applied Econometrics) | U33: yes
A34: Econometrics of Electricity Markets | B34: =VLOOKUP($E34,Liste!$A$2:$C$34,2,FALSE) -> Chair of Environmental Economics, esp. Economics of Renewable Energy | C34: Econometrics of Electricity Markets | D34: Übung | E34: Jun.-Prof. Dr. Florian Ziel | F34: ECMXEM | G34: DIENSTAG | H34: Essen | I34: 0.33333333 | J34: 0.41666667 | K34: WS1929 | L34: SS | N34: https://www.uee.wiwi.uni-due.de/studium-lehre/sommersemester-21/13271/ | O34: 64 | P34: =VLOOKUP($B34,Liste!$B$2:$C$34,2,FALSE) -> https://www.uee.wiwi.uni-due.de | Q34: https://www.wiwi.uni-due.de/studium/informationen-zu-den-modulen/econometrics-of-electricity-markets-788/ | R34: englisch | S34: 6 | T34: ME6 (Applied Econometrics) | U34: yes
A35: Econometrics of Electricity Markets | B35: =VLOOKUP($E35,Liste!$A$2:$C$34,2,FALSE) -> Chair of Environmental Economics, esp. Economics of Renewable Energy | C35: Econometrics of Electricity Markets | D35: Übung | E35: Jun.-Prof. Dr. Florian Ziel | F35: ECMXEM | G35: DIENSTAG | H35: Essen | I35: 0.33333333 | J35: 0.41666667 | K35: WS1929 | L35: SS | N35: https://www.uee.wiwi.uni-due.de/studium-lehre/sommersemester-21/13270/ | O35: 64 | P35: =VLOOKUP($B35,Liste!$B$2:$C$34,2,FALSE) -> https://www.uee.wiwi.uni-due.de | Q35: https://www.wiwi.uni-due.de/studium/informationen-zu-den-modulen/econometrics-of-electricity-markets-788/ | R35: englisch | S35: 6 | T35: ME6 (Applied Econometrics) | U35: yes
A36: Economics of Information | B36: =VLOOKUP($E36,Liste!$A$2:$C$34,2,FALSE) -> Juniorprofessur Volkswirtschaftslehre 1 | C36: Mikroökonomie II | D36: Vorlesung | E36: Jun.-Prof. Dr. Lars Metzger | F36: EI | G36: DIENSTAG | H36: Dortmund | I36: 10:00 | J36: 12:00 | K36: WS1920 | L36: WS | M36: Vorlesung im WiWi-Modul "Mikroökonomie II" | N36: https://www.lsf.tu-dortmund.de/qisserver/rds?state=verpublish&status=init&vmfile=no&publishid=214260&moduleCall=webInfo&publishConfFile=webInfo&publishSubDir=veranstaltung#basicdata | O36: 34 | P36: =VLOOKUP($B36,Liste!$B$2:$C$34,2,FALSE) -> https://www.wiwi2.tu-dortmund.de/wiwi/of/de/einrichtung/aktuell/index.html | Q36: http://www.wiwi.tu-dortmund.de/wiwi/de/studium/studiengaenge/wiwi-master-2015/ma-wiwi-2015-modulhandbuch-neu.pdf#page=82 | R36: englisch | S36: 3.5 | T36: ME5 (Economics) | U36: no
A37: Empirische Bilanzanalyse | B37: =VLOOKUP($E37,Liste!$A$2:$C$34,2,FALSE) -> Statistik | C37: Empirische Bilanzanalyse | D37: Vorlesung | E37: Prof. Dr. Andreas Behr | F37: EBSA | G37: MONTAG | H37: Essen | I37: 0.66666667 | J37: 0.75 | K37: SS20 | L37: SS | M37: SS17 abweichend: Fr 14:00 Uhr - 18:00 Uhr | N37: https://www.stat.wiwi.uni-due.de/studium-lehre/lehrveranstaltungen/sommersemester-21/12414/ | O37: 65 | P37: =VLOOKUP($B37,Liste!$B$2:$C$34,2,FALSE) -> https://www.stat.wiwi.uni-due.de/ | Q37: https://www.wiwi.uni-due.de/studium/informationen-zu-den-modulen/empirische-bilanzanalyse-785/ | R37: deutsch | S37: 3 | T37: ME6 (Applied Econometrics) | U37: yes
A38: Empirische Bilanzanalyse | B38: =VLOOKUP($E38,Liste!$A$2:$C$34,2,FALSE) -> Statistik | C38: Empirische Bilanzanalyse | D38: Übung | E38: Prof. Dr. Andreas Behr | F38: EX-EBSA | G38: MITTWOCH | H38: Essen | I38: 0.33333333 | J38: 0.41666667 | K38: SS20 | L38: SS | M38: SS17 abweichend: Fr 12:00 Uhr - 14:00 Uhr | N38: https://www.stat.wiwi.uni-due.de/studium-lehre/lehrveranstaltungen/sommersemester-21/12414/ | O38: 65 | P38: =VLOOKUP($B38,Liste!$B$2:$C$34,2,FALSE) -> https://www.stat.wiwi.uni-due.de/ | Q38: https://www.wiwi.uni-due.de/studium/informationen-zu-den-modulen/empirische-bilanzanalyse-785/ | R38: deutsch | S38: 3 | T38: ME6 (Applied Econometrics) | U38: yes
A39: Empirische Methoden | B39: =VLOOKUP($E39,Liste!$A$2:$C$34,2,FALSE) -> Statistik | C39: Empirische Methoden | D39: Vorlesung | E39: Prof. Dr. Andreas Behr | F39: EM | G39: FREITAG | H39: Essen | I39: 0.5 | J39: 0.58333333 | K39: WS1920 | L39: WS | N39: https://www.stat.wiwi.uni-due.de/studium-lehre/lehrveranstaltungen/wintersemester-20-21/12404/ | O39: 66 | P39: =VLOOKUP($B39,Liste!$B$2:$C$34,2,FALSE) -> https://www.stat.wiwi.uni-due.de/ | Q39: https://www.wiwi.uni-due.de/studium/informationen-zu-den-modulen/empirische-methoden-508/ | R39: deutsch | S39: 3 | T39: ME6 (Applied Econometrics) | U39: no
A40: Empirische Methoden | B40: =VLOOKUP($E40,Liste!$A$2:$C$34,2,FALSE) -> Statistik | C40: Empirische Methoden | D40: Übung | E40: Prof. Dr. Andreas Behr | F40: EX-EM | G40: FREITAG | H40: Essen | I40: 0.58333333 | J40: 0.66666667 | K40: WS1920 | L40: WS | N40: https://www.stat.wiwi.uni-due.de/studium-lehre/lehrveranstaltungen/wintersemester-20-21/12404/ | O40: 66 | P40: =VLOOKUP($B40,Liste!$B$2:$C$34,2,FALSE) -> https://www.stat.wiwi.uni-due.de/ | Q40: https://www.wiwi.uni-due.de/studium/informationen-zu-den-modulen/empirische-methoden-508/ | R40: deutsch | S40: 3 | T40: ME6 (Applied Econometrics) | U40: no
A41: Entscheidungstheorie | B41: =VLOOKUP($E41,Liste!$A$2:$C$34,2,FALSE) -> Mikroökonomik | C41: Entscheidungstheorie | D41: Vorlesung | E41: Prof. Dr. Erwin Amann | F41: DC | G41: MONTAG | H41: Essen | I41: 0.41666667 | J41: 0.5 | K41: WS1920 | L41: WS | N41: https://www.mikro.wiwi.uni-due.de/studium-lehre/veranstaltungsuebersicht/wintersemester-20-21/12713/ | O41: 51 | P41: =VLOOKUP($B41,Liste!$B$2:$C$34,2,FALSE) -> https://www.mikro.wiwi.uni-due.de/ | Q41: https://www.wiwi.uni-due.de/studium-lehre/informationen-zu-den-modulen/entscheidungstheorie-m174/ | R41: deutsch | S41: 3 | T41: ME5 (Economics) | U41: no
A42: Entscheidungstheorie | B42: =VLOOKUP($E42,Liste!$A$2:$C$34,2,FALSE) -> Mikroökonomik | C42: Entscheidungstheorie | D42: Übung | E42: Prof. Dr. Erwin Amann | F42: EX-DC | G42: MONTAG | H42: Essen | I42: 0.33333333 | J42: 0.41666667 | K42: WS1920 | L42: WS | N42: https://www.mikro.wiwi.uni-due.de/studium-lehre/veranstaltungsuebersicht/wintersemester-20-21/12712/ | O42: 51 | P42: =VLOOKUP($B42,Liste!$B$2:$C$34,2,FALSE) -> https://www.mikro.wiwi.uni-due.de/ | Q42: https://www.wiwi.uni-due.de/studium-lehre/informationen-zu-den-modulen/entscheidungstheorie-m174/ | R42: deutsch | S42: 3 | T42: ME5 (Economics) | U42: no
A43: Fachseminar Ökonometrische Methoden | B43: =VLOOKUP($E43,Liste!$A$2:$C$34,2,FALSE) -> Ökonometrie | C43: Fachseminar Ökonometrische Methoden | D43: Seminar | E43: Prof. Dr. Christoph Hanck | F43: SECMM | H43: Essen | K43: WS1819 | L43: WS | M43: In WS1819: Kickoff-Meeting 13.11. 10:00 Uhr - 12:00 Uhr wird alle zwei Semester auf Masterniveau angeboten | N43: https://www.oek.wiwi.uni-due.de/studium-lehre/lehrveranstaltungen/wintersemester-20-21/11972/ | O43: 81 | P43: =VLOOKUP($B43,Liste!$B$2:$C$34,2,FALSE) -> https://www.oek.wiwi.uni-due.de/ | Q43: https://www.wiwi.uni-due.de/studium-lehre/informationen-zu-den-modulen/fachseminar-oekonometrische-methoden-m642/ | R43: englisch | S43: 6 | T43: ME7 (Econometric Methods) | U43: no
A44: Fachseminar Soziale Sicherung und Besteuerung: Empirische Studien und eigene Projekte | B44: =VLOOKUP($E44,Liste!$A$2:$C$34,2,FALSE) -> Lehrstuhl für VWL, insb. Finanzwissenschaften | C44: Fachseminar Soziale Sicherung und Besteuerung: Empirische Studien und eigene Projekte | D44: Seminar | E44: Prof. Dr. Reinhold Schnabel | F44: SSST | H44: Essen | K44: WS1819 | L44: WS | M44: In WS1819: Kickoff-Meeting 10.10. 17:00 Uhr | N44: https://www.fiwi.wiwi.uni-due.de/studium-lehre/lehrveranstaltungen/wintersemester-1920/11621/ | O44: 58 | P44: =VLOOKUP($B44,Liste!$B$2:$C$34,2,FALSE) -> https://www.fiwi.wiwi.uni-due.de/ | Q44: https://www.wiwi.uni-due.de/studium-lehre/informationen-zu-den-modulen/fachseminar-soziale-sicherung-und-besteuerung-empirische-studien-und-eigene-projekte-m597/ | R44: deutsch | S44: 6 | T44: ME6 (Applied Econometrics) | U44: no
A45: Financial Econometrics | B45: =VLOOKUP($E45,Liste!$A$2:$C$34,2,FALSE) -> Quantitative Analyse (Statistik/Ökonometrie) | C45: Financial Econometrics | D45: Vorlesung | E45: Prof. Dr. Vasyl Golosnoy | F45: FECMX-B | G45: DIENSTAG | H45: Bochum | I45: 0.41666667 | J45: 0.5 | K45: WS2021 | L45: WS | M45: Kein Lehrangebot im WS1920 | N45: https://vvz.ruhr-uni-bochum.de/campus/all/event.asp?objgguid=NEW&from=vvz&gguid=0xE3C48EA4303541209B7380470845A803&mode=own&tguid=0x80B5E42E2E744540BF79A272358D1095&lang=de | O45: 27 | P45: =VLOOKUP($B45,Liste!$B$2:$C$34,2,FALSE) -> https://www.wiwi.ruhr-uni-bochum.de/statoek/index.html.de | Q45: https://www.wiwi.ruhr-uni-bochum.de/mam/content/dekanat/master_mhb_12.11.2020.pdf#page=438 | R45: englisch | S45: 10 | T45: ME7 (Econometric Methods) | U45: no
A46: Financial Econometrics | B46: =VLOOKUP($E46,Liste!$A$2:$C$34,2,FALSE) -> Quantitative Analyse (Statistik/Ökonometrie) | C46: Financial Econometrics | D46: Übung | E46: Prof. Dr. Vasyl Golosnoy | F46: EX-FECMX-B | G46: DIENSTAG | H46: Bochum | I46: 0.33333333 | J46: 0.41666667 | K46: WS2021 | L46: WS | M46: Kein Lehrangebot im WS1920 | N46: https://vvz.ruhr-uni-bochum.de/campus/all/event.asp?gguid=0xE55840A4B20E4A35825DE5169C656B46&from=vvz&mode=own&tabID=1&tguid=0x80B5E42E2E744540BF79A272358D1095&objgguid=NEW&lang=de | O46: 27 | P46: =VLOOKUP($B46,Liste!$B$2:$C$34,2,FALSE) -> https://www.wiwi.ruhr-uni-bochum.de/statoek/index.html.de | Q46: https://www.wiwi.ruhr-uni-bochum.de/mam/content/dekanat/master_mhb_12.11.2020.pdf#page=438 | R46: englisch | S46: 10 | T46: ME7 (Econometric Methods) | U46: no
A47: Financial Econometrics | B47: =VLOOKUP($E47,Liste!$A$2:$C$34,2,FALSE) -> Professur Finance | C47: Finance III | D47: Vorlesung mit integrierter Übung | E47: Prof. Dr. Peter N. Posch | F47: FECMX-D | G47: MONTAG | H47: Dortmund | I47: 10:00 | J47: 0.5 | K47: WS1920 | L47: WS | M47: Veranstaltung im WiWi-Modul "Finance III" WS1718 abweichend: Mo 08:00 - 10:00 bzw. Übung DI 10:00 -12:00 | N47: https://www.lsf.tu-dortmund.de/qisserver/rds?state=verpublish&status=init&vmfile=no&publishid=225007&moduleCall=webInfo&publishConfFile=webInfo&publishSubDir=veranstaltung | O47: 40 | P47: =VLOOKUP($B47,Liste!$B$2:$C$34,2,FALSE) -> https://finance.wiwi.tu-dortmund.de/ | Q47: https://wiwi.tu-dortmund.de/storages/wiwi/r/studiengaenge/wiwi-master/wiwi-master-2019/ma-wiwi-2019-modulhandbuch-neu.pdf#page=10 | R47: englisch | S47: 7.5 | T47: ME6 (Applied Econometrics) | U47: no
A48: Financial Econometrics | B48: =VLOOKUP($E48,Liste!$A$2:$C$34,2,FALSE) -> Professur Finance | C48: Finance III | D48: Vorlesung mit integrierter Übung | E48: Prof. Dr. Peter N. Posch | F48: FECMX-D | G48: DIENSTAG | H48: Dortmund | I48: 0.33333333 | J48: 0.41666667 | K48: WS1920 | L48: WS | M48: Veranstaltung im WiWi-Modul "Finance III" WS1718 abweichend: Mo 08:00 - 10:00 bzw. Übung DI 10:00 -12:00 | N48: https://www.lsf.tu-dortmund.de/qisserver/rds?state=verpublish&status=init&vmfile=no&publishid=225007&moduleCall=webInfo&publishConfFile=webInfo&publishSubDir=veranstaltung | O48: 40 | P48: =VLOOKUP($B48,Liste!$B$2:$C$34,2,FALSE) -> https://finance.wiwi.tu-dortmund.de/ | Q48: https://wiwi.tu-dortmund.de/storages/wiwi/r/studiengaenge/wiwi-master/wiwi-master-2019/ma-wiwi-2019-modulhandbuch-neu.pdf#page=10 | R48: englisch | S48: 7.5 | T48: ME6 (Applied Econometrics) | U48: no
A49: Financial Mathematics | B49: =VLOOKUP($E49,Liste!$A$2:$C$34,2,FALSE) -> Lehrstuhl für Energiehandel und Finanzdienstleistungen | C49: Financial Mathematics | D49: Vorlesung | E49: Prof. Dr. Rüdiger Kiesel | F49: FM | G49: MITTWOCH | H49: Essen | I49: 0.66666667 | J49: 0.75 | K49: WS1819 | L49: WS | M49: WS1718 abweichend: Mi 10:00 Uhr - 12:00 Uhr | N49: https://www.lef.wiwi.uni-due.de/studium-lehre/lehrveranstaltungen/wintersemester-20-21/fm-12674/ | O49: 67 | P49: =VLOOKUP($B49,Liste!$B$2:$C$34,2,FALSE) -> https://www.lef.wiwi.uni-due.de/ | Q49: https://www.wiwi.uni-due.de/studium-lehre/informationen-zu-den-modulen/financial-mathematics-m674/ | R49: englisch | S49: 3 | T49: ME6 (Applied Econometrics) | U49: no
A50: Financial Mathematics | B50: =VLOOKUP($E50,Liste!$A$2:$C$34,2,FALSE) -> Lehrstuhl für Energiehandel und Finanzdienstleistungen | C50: Financial Mathematics | D50: Übung | E50: Prof. Dr. Rüdiger Kiesel | F50: EX-FM | G50: DONNERSTAG | H50: Essen | I50: 0.66666667 | J50: 0.75 | K50: WS1819 | L50: WS | N50: https://www.lef.wiwi.uni-due.de/studium-lehre/lehrveranstaltungen/wintersemester-20-21/fm-12673/ | O50: 67 | P50: =VLOOKUP($B50,Liste!$B$2:$C$34,2,FALSE) -> https://www.lef.wiwi.uni-due.de/ | Q50: https://www.wiwi.uni-due.de/studium-lehre/informationen-zu-den-modulen/financial-mathematics-m674/ | R50: englisch | S50: 3 | T50: ME6 (Applied Econometrics) | U50: no
A51: Financial Risk Management | B51: =VLOOKUP($E51,Liste!$A$2:$C$34,2,FALSE) -> Lehrstuhl für Energiehandel und Finanzdienstleistungen | C51: Financial Risk Management | D51: Vorlesung | E51: Prof. Dr. Rüdiger Kiesel | F51: FRM | G51: MITTWOCH | H51: Essen | I51: 0.41666667 | J51: 0.58333333 | K51: WS1819 | L51: WS | M51: WS1718 abweichend: Mi 16:00 Uhr - 18:00 Uhr | N51: https://www.lef.wiwi.uni-due.de/studium-lehre/lehrveranstaltungen/wintersemester-20-21/frm-12677/ | O51: 68 | P51: =VLOOKUP($B51,Liste!$B$2:$C$34,2,FALSE) -> https://www.lef.wiwi.uni-due.de/ | Q51: https://www.wiwi.uni-due.de/studium-lehre/informationen-zu-den-modulen/financial-risk-management-m676/ | R51: englisch | S51: 3 | T51: ME6 (Applied Econometrics) | U51: no
A52: Financial Risk Management | B52: =VLOOKUP($E52,Liste!$A$2:$C$34,2,FALSE) -> Lehrstuhl für Energiehandel und Finanzdienstleistungen | C52: Financial Risk Management | D52: Übung | E52: Prof. Dr. Rüdiger Kiesel | F52: EX-FRM | G52: DONNERSTAG | H52: Essen | I52: 0.41666667 | J52: 0.5 | K52: WS1819 | L52: WS | N52: https://www.lef.wiwi.uni-due.de/studium-lehre/lehrveranstaltungen/wintersemester-20-21/frm-12676/ | O52: 68 | P52: =VLOOKUP($B52,Liste!$B$2:$C$34,2,FALSE) -> https://www.lef.wiwi.uni-due.de/ | Q52: https://www.wiwi.uni-due.de/studium-lehre/informationen-zu-den-modulen/financial-risk-management-m676/ | R52: englisch | S52: 3 | T52: ME6 (Applied Econometrics) | U52: no
A53: Game Theory | B53: =VLOOKUP($E53,Liste!$A$2:$C$34,2,FALSE) -> VWL (Mikroökonomie) | C53: Mikroökonomie IV | D53: Vorlesung | E53: Prof. Dr. Wolfgang Leininger | F53: GT | G53: MONTAG | H53: Dortmund | I53: 0.41666667 | J53: 0.5 | K53: WS1920 | L53: WS | N53: http://www.wiwi.tu-dortmund.de/wiwi/mik/de/lehre/veranstalt/ws_18_19/Game-Theory/index.html | O53: 35 | P53: =VLOOKUP($B53,Liste!$B$2:$C$34,2,FALSE) -> https://www.wiwi2.tu-dortmund.de/wiwi/mik/de/lehrstuhl/index.html | R53: englisch | S53: 7.5 | T53: ME5 (Economics) | U53: no
A54: Game Theory | B54: =VLOOKUP($E54,Liste!$A$2:$C$34,2,FALSE) -> VWL (Mikroökonomie) | C54: Mikroökonomie IV | D54: Übung | E54: Prof. Dr. Wolfgang Leininger | F54: EX-GT | G54: DONNERSTAG | H54: Dortmund | I54: 0.58333333 | J54: 0.66666667 | K54: WS1920 | L54: WS | N54: https://www.lsf.tu-dortmund.de/qisserver/rds?state=verpublish&status=init&vmfile=no&publishid=214257&moduleCall=webInfo&publishConfFile=webInfo&publishSubDir=veranstaltung | O54: 35 | P54: =VLOOKUP($B54,Liste!$B$2:$C$34,2,FALSE) -> https://www.wiwi2.tu-dortmund.de/wiwi/mik/de/lehrstuhl/index.html | R54: englisch | S54: 7.5 | T54: ME5 (Economics) | U54: no
A55: Generalisierte Lineare Modelle | B55: =VLOOKUP($E55,Liste!$A$2:$C$34,2,FALSE) -> Statistical Methods for Big Data | C55: Advanced Topics in Econometric Methods | D55: Vorlesung | E55: Prof. Dr. Andreas Groll | F55: GLM | G55: DIENSTAG | H55: Dortmund | I55: 0.41666667 | J55: 0.5 | K55: WS1920 | L55: WS | N55: https://www.lsf.tu-dortmund.de/qisserver/rds?state=verpublish&status=init&vmfile=no&publishid=216380&moduleCall=webInfo&publishConfFile=webInfo&publishSubDir=veranstaltung | O55: 44 | P55: =VLOOKUP($B55,Liste!$B$2:$C$34,2,FALSE) -> https://www.statistik.tu-dortmund.de/bigdata.html | R55: deutsch | S55: 9 | T55: ME7 (Econometric Methods) | U55: no
A56: Generalisierte Lineare Modelle | B56: =VLOOKUP($E56,Liste!$A$2:$C$34,2,FALSE) -> Statistical Methods for Big Data | C56: Advanced Topics in Econometric Methods | D56: Vorlesung | E56: Prof. Dr. Andreas Groll | F56: GLM | G56: DONNERSTAG | H56: Dortmund | I56: 0.41666667 | J56: 0.5 | K56: WS1920 | L56: WS | N56: https://www.lsf.tu-dortmund.de/qisserver/rds?state=verpublish&status=init&vmfile=no&publishid=216380&moduleCall=webInfo&publishConfFile=webInfo&publishSubDir=veranstaltung | O56: 44 | P56: =VLOOKUP($B56,Liste!$B$2:$C$34,2,FALSE) -> https://www.statistik.tu-dortmund.de/bigdata.html | R56: deutsch | S56: 9 | T56: ME7 (Econometric Methods) | U56: no
A57: Generalisierte Lineare Modelle | B57: =VLOOKUP($E57,Liste!$A$2:$C$34,2,FALSE) -> Statistical Methods for Big Data | C57: Advanced Topics in Econometric Methods | D57: Übung | E57: Prof. Dr. Andreas Groll | F57: GLM-EX | G57: MiTTWOCH | H57: Dortmund | I57: 0.58333333 | J57: 0.66666667 | K57: WS1920 | L57: WS | N57: https://www.lsf.tu-dortmund.de/qisserver/rds?state=verpublish&status=init&vmfile=no&publishid=216380&moduleCall=webInfo&publishConfFile=webInfo&publishSubDir=veranstaltung | O57: 44 | P57: =VLOOKUP($B57,Liste!$B$2:$C$34,2,FALSE) -> https://www.statistik.tu-dortmund.de/bigdata.html | R57: deutsch | S57: 9 | T57: ME7 (Econometric Methods) | U57: no
A58: Health and Development | B58: =VLOOKUP($E58,Liste!$A$2:$C$34,2,FALSE) -> Juniorprofessur für VWL, insb. Arbeitsmarkt und Gesundheit | C58: Seminar Health and Development | D58: Seminar | E58: Jun.-Prof. Dr. Daniel Kühnle | H58: Essen | K58: SS21 | L58: SS | N58: https://www.amg.wiwi.uni-due.de/studium-lehre/sommersemester-21/13197/ | O58: 56 | P58: =VLOOKUP($B58,Liste!$B$2:$C$34,2,FALSE) -> https://www.amg.wiwi.uni-due.de | Q58: https://www.wiwi.uni-due.de/studium/informationen-zu-den-modulen/fachseminar-health-and-development-893/ | R58: englisch | S58: 6 | T58: ME5 (Economics) | U58: yes
A59: Inequality in Health | B59: =VLOOKUP($E59,Liste!$A$2:$C$34,2,FALSE) -> Lehrstuhl für VWL, insb. Gesundheitsökonomik | C59: Inequality in Health | D59: Vorlesung | E59: Prof. Dr. Martin Karlsson | F59: IH | G59: DIENSTAG | H59: Essen | I59: 0.58333333 | J59: 0.66666667 | K59: WS1819 | L59: WS | N59: https://www.goek.wiwi.uni-due.de/studium-lehre/lehrveranstaltungen/wintersemester-20-21/12551/ | O59: 69 | P59: =VLOOKUP($B59,Liste!$B$2:$C$34,2,FALSE) -> https://www.goek.wiwi.uni-due.de/startseite/ | Q59: https://www.wiwi.uni-due.de/studium-lehre/informationen-zu-den-modulen/inequality-in-health-m480/ | R59: englisch | S59: 3 | T59: ME6 (Applied Econometrics) | U59: no
A60: Inequality in Health | B60: =VLOOKUP($E60,Liste!$A$2:$C$34,2,FALSE) -> Lehrstuhl für VWL, insb. Gesundheitsökonomik | C60: Inequality in Health | D60: Übung | E60: Prof. Dr. Martin Karlsson | F60: EX-IH | G60: DIENSTAG | H60: Essen | I60: 0.66666667 | J60: 0.75 | K60: WS1617 | L60: WS | N60: https://www.goek.wiwi.uni-due.de/studium-lehre/lehrveranstaltungen/wintersemester-20-21/12550/ | O60: 69 | P60: =VLOOKUP($B60,Liste!$B$2:$C$34,2,FALSE) -> https://www.goek.wiwi.uni-due.de/startseite/ | Q60: https://www.wiwi.uni-due.de/studium-lehre/informationen-zu-den-modulen/inequality-in-health-m480/ | R60: englisch | S60: 3 | T60: ME6 (Applied Econometrics) | U60: no
A61: International Capital Movements | B61: =VLOOKUP($E61,Liste!$A$2:$C$34,2,FALSE) -> Lehrstuhl für VWL, insb. Internationale Wirtschaftsbeziehungen | C61: International Capital Movements | D61: Vorlesung | E61: Prof. Dr. Volker Clausen | F61: ICM | G61: MITTWOCH | H61: Essen | I61: 0.41666667 | J61: 0.5 | K61: SS19 | L61: SS | N61: https://www.iwb.wiwi.uni-due.de/studium-lehre/lehrveranstaltungen/sommersemester-21/icm-12429/ | O61: 52 | P61: =VLOOKUP($B61,Liste!$B$2:$C$34,2,FALSE) -> https://www.iwb.wiwi.uni-due.de/ | Q61: https://www.wiwi.uni-due.de/studium/informationen-zu-den-modulen/international-capital-movements-theory-and-econometric-evidence-662/ | R61: englisch | S61: 3 | T61: ME5 (Economics) | U61: yes
A62: International Capital Movements | B62: =VLOOKUP($E62,Liste!$A$2:$C$34,2,FALSE) -> Lehrstuhl für VWL, insb. Internationale Wirtschaftsbeziehungen | C62: International Capital Movements | D62: Übung | E62: Prof. Dr. Volker Clausen | F62: EX-ICM | G62: MITTWOCH | H62: Essen | I62: 0.5 | J62: 0.58333333 | K62: SS19 | L62: SS | N62: https://www.iwb.wiwi.uni-due.de/studium-lehre/lehrveranstaltungen/sommersemester-21/icm-t-12428/ | O62: 52 | P62: =VLOOKUP($B62,Liste!$B$2:$C$34,2,FALSE) -> https://www.iwb.wiwi.uni-due.de/ | Q62: https://www.wiwi.uni-due.de/studium/informationen-zu-den-modulen/international-capital-movements-theory-and-econometric-evidence-662/ | R62: englisch | S62: 3 | T62: ME5 (Economics) | U62: yes
A63: Maschinelles Lernen | B63: =VLOOKUP($E63,Liste!$A$2:$C$34,2,FALSE) -> Lehrstuhl für Künstliche Intelligenz | C63: Maschinelles Lernen | D63: Vorlesung | E63: Prof. Dr. Katharina Morik Prof. Dr. Erich Schubert | F63: ML | G63: DIENSTAG | H63: Dortmund | I63: 0.41666667 | J63: 0.5 | K63: WS1920 | L63: WS | N63: https://www.lsf.tu-dortmund.de/qisserver/rds?state=verpublish&status=init&vmfile=no&publishid=227007&moduleCall=webInfo&publishConfFile=webInfo&publishSubDir=veranstaltung | O63: 47 | P63: =VLOOKUP($B63,Liste!$B$2:$C$34,2,FALSE) -> https://www-ai.cs.tu-dortmund.de/index.html | Q63: https://www.cs.tu-dortmund.de/nps/de/Studium/Ordnungen_Handbuecher_Beschluesse/Modulhandbuecher/Master_Inf/Vertiefungsmodule/Forschungsbereich_Intelligente_Systeme/INF-MSc-506.pdf | R63: deutsch | T63: ME6 (Applied Econometrics) | U63: no
A64: Maschinelles Lernen | B64: =VLOOKUP($E64,Liste!$A$2:$C$34,2,FALSE) -> Lehrstuhl für Künstliche Intelligenz | C64: Maschinelles Lernen | D64: Übung | E64: Prof. Dr. Katharina Morik Prof. Dr. Erich Schubert | F64: EX-ML | G64: MITTWOCH | H64: Dortmund | I64: 0.58333333 | J64: 0.66666667 | K64: WS1920 | L64: WS | N64: https://www.lsf.tu-dortmund.de/qisserver/rds?state=verpublish&status=init&vmfile=no&publishid=227009&moduleCall=webInfo&publishConfFile=webInfo&publishSubDir=veranstaltung | O64: 47 | P64: =VLOOKUP($B64,Liste!$B$2:$C$34,2,FALSE) -> https://www-ai.cs.tu-dortmund.de/index.html | Q64: https://www.cs.tu-dortmund.de/nps/de/Studium/Ordnungen_Handbuecher_Beschluesse/Modulhandbuecher/Master_Inf/Vertiefungsmodule/Forschungsbereich_Intelligente_Systeme/INF-MSc-506.pdf | R64: deutsch | T64: ME6 (Applied Econometrics) | U64: no
A65: Introduction to Microeconometrics | B65: =VLOOKUP($E65,Liste!$A$2:$C$34,2,FALSE) -> Empirical Economics | C65: Introduction to Microeconometrics | D65: Vorlesung | E65: Prof. Dr. Thomas K. Bauer | F65: MECMX-B | G65: MITTWOCH | H65: Bochum | I65: 0.58333333 | J65: 0.75 | K65: SS20 | L65: SS | N65: https://vvz.ruhr-uni-bochum.de/campus/all/event.asp?objgguid=NEW&from=vvz&gguid=0xF0EC068A1E26489AAEC90FF15963200C&mode=own&tguid=0x9A7B3E5DBFE949E6A3541F86071B243D&lang=de | O65: 28 | P65: =VLOOKUP($B65,Liste!$B$2:$C$34,2,FALSE) -> https://www.wiwi.ruhr-uni-bochum.de/empwifo/index.html.en | Q65: https://www.wiwi.ruhr-uni-bochum.de/mam/content/dekanat/master_mhb_12.11.2020.pdf#page=127 | R65: englisch | S65: 5 | T65: ME7 (Econometric Methods) | U65: yes
A66: Introduction to Microeconometrics | B66: =VLOOKUP($E66,Liste!$A$2:$C$34,2,FALSE) -> Empirical Economics | C66: Introduction to Microeconometrics | D66: Übung | E66: Prof. Dr. Thomas K. Bauer | F66: EX-MECMX-B | G66: MONTAG | H66: Bochum | I66: 0.33333333 | J66: 0.5 | K66: SS20 | L66: SS | N66: https://vvz.ruhr-uni-bochum.de/campus/all/event.asp?objgguid=NEW&from=vvz&gguid=0x8CB93120CF0E42BCB0E1B86D37580928&mode=own&tguid=0x9A7B3E5DBFE949E6A3541F86071B243D&lang=de | O66: 28 | P66: =VLOOKUP($B66,Liste!$B$2:$C$34,2,FALSE) -> https://www.wiwi.ruhr-uni-bochum.de/empwifo/index.html.en | Q66: https://www.wiwi.ruhr-uni-bochum.de/mam/content/dekanat/master_mhb_12.11.2020.pdf#page=127 | R66: englisch | S66: 5 | T66: ME7 (Econometric Methods) | U66: yes
A67: Microeconometrics and Empirical Applications | B67: =VLOOKUP($E67,Liste!$A$2:$C$34,2,FALSE) -> Lehrstuhl für Wirtschaftspolitik | C67: Wirtschaftspolitik II | D67: Vorlesung | E67: Prof. Dr. Kornelius Kraft | F67: MECMXEA | G67: DIENSTAG | H67: Dortmund | I67: 0.66666667 | J67: 0.75 | K67: WS1920 | L67: WS | N67: https://www.lsf.tu-dortmund.de/qisserver/rds?state=wsearchv&search=1&subdir=veranstaltung&alias_pord.pordnr=r_zuordpos.pordnr&veranstaltung.dtxt=Microeconometrics+and+Empirical+Applications&veranstaltung.semester=20202&alias_pord.pordnr=r_zuordpos.pordnr&P_start=0&P_anzahl=10&P.sort=&_form=display | O67: 42 | P67: =VLOOKUP($B67,Liste!$B$2:$C$34,2,FALSE) -> https://www.wiwi2.tu-dortmund.de/wiwi/wp/de/lehrstuhl/index.html | Q67: https://wiwi.tu-dortmund.de/storages/wiwi/r/studiengaenge/wiwi-master/wiwi-master-2019/ma-wiwi-2019-modulhandbuch-neu.pdf#page=102 | R67: deutsch/englisch | S67: 7.5 | T67: ME6 (Applied Econometrics) | U67: no
A68: Microeconometrics and Empirical Applications | B68: =VLOOKUP($E68,Liste!$A$2:$C$34,2,FALSE) -> Lehrstuhl für Wirtschaftspolitik | C68: Wirtschaftspolitik II | D68: Übung | E68: Prof. Dr. Kornelius Kraft | F68: EX-MECMXEA | G68: DONNERSTAG | H68: Dortmund | I68: 0.66666667 | J68: 0.75 | K68: WS1920 | L68: WS | N68: https://www.lsf.tu-dortmund.de/qisserver/rds?state=wsearchv&search=1&subdir=veranstaltung&alias_pord.pordnr=r_zuordpos.pordnr&veranstaltung.dtxt=Microeconometrics+and+Empirical+Applications&veranstaltung.semester=20202&alias_pord.pordnr=r_zuordpos.pordnr&P_start=0&P_anzahl=10&P.sort=&_form=display | O68: 42 | P68: =VLOOKUP($B68,Liste!$B$2:$C$34,2,FALSE) -> https://www.wiwi2.tu-dortmund.de/wiwi/wp/de/lehrstuhl/index.html | Q68: https://wiwi.tu-dortmund.de/storages/wiwi/r/studiengaenge/wiwi-master/wiwi-master-2019/ma-wiwi-2019-modulhandbuch-neu.pdf#page=102 | R68: deutsch/englisch | S68: 7.5 | T68: ME6 (Applied Econometrics) | U68: no
A69: Migration Economics | B69: =VLOOKUP($E69,Liste!$A$2:$C$34,2,FALSE) -> Lehrstuhl für Arbeitsmarkt- und Migrationsökonomik | C69: Migration Economics | D69: Vorlesung mit integrierter Übung | E69: Jun.-Prof. Dr. Sebastian Otten | G69: MONTAG | H69: Essen | I69: 14:00 | J69: 18:00 | K69: SS21 | L69: SS | N69: https://www.labor.wiwi.uni-due.de/lehre/sommersemester-2021/13160/ | O69: 54 | P69: =VLOOKUP($B69,Liste!$B$2:$C$34,2,FALSE) -> https://www.labor.wiwi.uni-due.de | Q69: https://www.wiwi.uni-due.de/studium/informationen-zu-den-modulen/migration-economics-895/ | R69: englisch | S69: 6 | T69: ME5 (Economics) | U69: yes
A70: Mikroökonometrie / Microeconometrics | B70: =VLOOKUP($E70,Liste!$A$2:$C$34,2,FALSE) -> Lehrstuhl für VWL, insb. Finanzwissenschaften | C70: Mikroökonometrie / Microeconometrics | D70: Vorlesung | E70: Prof. Dr. Reinhold Schnabel | F70: MECMX-E | G70: DONNERSTAG | H70: Essen | I70: 0.66666667 | J70: 0.75 | K70: SS19 | L70: SS | N70: https://www.fiwi.wiwi.uni-due.de/studium-lehre/lehrveranstaltungen/sommersemester-20/11637/ | O70: 70 | P70: =VLOOKUP($B70,Liste!$B$2:$C$34,2,FALSE) -> https://www.fiwi.wiwi.uni-due.de/ | Q70: https://www.wiwi.uni-due.de/studium/informationen-zu-den-modulen/mikrooekonometrie-178/ | R70: englisch | S70: 3 | T70: ME6 (Applied Econometrics) | U70: no
A71: Mikroökonometrie / Microeconometrics | B71: =VLOOKUP($E71,Liste!$A$2:$C$34,2,FALSE) -> Lehrstuhl für VWL, insb. Finanzwissenschaften | C71: Mikroökonometrie / Microeconometrics | D71: Übung | E71: Prof. Dr. Reinhold Schnabel | F71: EX-MECMX-E | G71: MITTWOCH | H71: Essen | I71: 0.41666667 | J71: 0.5 | K71: SS19 | L71: SS | N71: https://www.fiwi.wiwi.uni-due.de/studium-lehre/lehrveranstaltungen/sommersemester-20/11636/ | O71: 70 | P71: =VLOOKUP($B71,Liste!$B$2:$C$34,2,FALSE) -> https://www.fiwi.wiwi.uni-due.de/ | Q71: https://www.wiwi.uni-due.de/studium/informationen-zu-den-modulen/mikrooekonometrie-178/ | R71: englisch | S71: 3 | T71: ME6 (Applied Econometrics) | U71: no
A72: Multivariate Statistical Methods | B72: =VLOOKUP($E72,Liste!$A$2:$C$34,2,FALSE) -> Quantitative Analyse (Statistik/Ökonometrie) | C72: Multivariate Statistical Methods | D72: Vorlesung | E72: Prof. Dr. Vasyl Golosnoy | F72: SM | G72: DONNERSTAG | H72: Bochum | I72: 0.33333333 | J72: 0.41666667 | K72: WS2021 | L72: SS | M72: Kein Lehrangebot im WS1920 | N72: https://vvz.ruhr-uni-bochum.de/campus/all/event.asp?objgguid=NEW&from=vvz&gguid=0xF3EACF2404ED471E9243BE7EB5CD3528&mode=own&tguid=0x80B5E42E2E744540BF79A272358D1095&lang=de | O72: 29 | P72: =VLOOKUP($B72,Liste!$B$2:$C$34,2,FALSE) -> https://www.wiwi.ruhr-uni-bochum.de/statoek/index.html.de | Q72: https://www.wiwi.ruhr-uni-bochum.de/mam/content/dekanat/master_mhb_12.11.2020.pdf#page=440 | R72: englisch | S72: 10 | T72: ME7 (Econometric Methods) | U72: no
A73: Multivariate Statistical Methods | B73: =VLOOKUP($E73,Liste!$A$2:$C$34,2,FALSE) -> Quantitative Analyse (Statistik/Ökonometrie) | C73: Multivariate Statistical Methods | D73: Übung | E73: Prof. Dr. Vasyl Golosnoy | F73: EX-SM | G73: DONNERSTAG | H73: Bochum | K73: WS2021 | L73: SS | M73: Kein Lehrangebot im WS1920 | N73: https://vvz.ruhr-uni-bochum.de/campus/all/event.asp?objgguid=NEW&from=vvz&gguid=0x8411D27FA689480FB3BA72B4F6DD355B&mode=own&tguid=0x80B5E42E2E744540BF79A272358D1095&lang=de | O73: 29 | P73: =VLOOKUP($B73,Liste!$B$2:$C$34,2,FALSE) -> https://www.wiwi.ruhr-uni-bochum.de/statoek/index.html.de | Q73: https://www.wiwi.ruhr-uni-bochum.de/mam/content/dekanat/master_mhb_12.11.2020.pdf#page=440 | R73: englisch | U73: no
A74: Netzwerkanalyse | B74: =VLOOKUP($E74,Liste!$A$2:$C$34,2,FALSE) -> Wirtschafts- und Sozialstatistik | C74: Advanced Topics in Econometric Methods | D74: Vorlesung | E74: Prof. Dr. Carsten Jentsch | F74: NWA | G74: MONTAG | H74: Dortmund | I74: 0.58333333 | J74: 0.66666667 | K74: WS1920 | L74: WS | N74: https://www.lsf.tu-dortmund.de/qisserver/rds?state=verpublish&status=init&vmfile=no&publishid=216373&moduleCall=webInfo&publishConfFile=webInfo&publishSubDir=veranstaltung | O74: 44 | P74: =VLOOKUP($B74,Liste!$B$2:$C$34,2,FALSE) -> https://www.statistik.tu-dortmund.de/iwus.html | R74: deutsch | S74: 9 | T74: ME7 (Econometric Methods) | U74: no
A75: Netzwerkanalyse | B75: =VLOOKUP($E75,Liste!$A$2:$C$34,2,FALSE) -> Wirtschafts- und Sozialstatistik | C75: Advanced Topics in Econometric Methods | D75: Übung | E75: Prof. Dr. Carsten Jentsch | F75: NWA-EX | G75: MITTWOCH | H75: Dortmund | I75: 0.58333333 | J75: 0.66666667 | K75: WS1920 | L75: WS | N75: https://www.lsf.tu-dortmund.de/qisserver/rds?state=verpublish&status=init&vmfile=no&publishid=216373&moduleCall=webInfo&publishConfFile=webInfo&publishSubDir=veranstaltung | O75: 44 | P75: =VLOOKUP($B75,Liste!$B$2:$C$34,2,FALSE) -> https://www.statistik.tu-dortmund.de/iwus.html | R75: deutsch | S75: 9 | T75: ME7 (Econometric Methods) | U75: no
A76: Neuere Entwicklungen der Mikroökonomik | B76: =VLOOKUP($E76,Liste!$A$2:$C$34,2,FALSE) -> Mikroökonomik | C76: Neuere Entwicklungen der Mikroökonomik | D76: Kolloquium | E76: Prof. Dr. Erwin Amann | F76: RDME | G76: tba | H76: Essen | I76: tba | J76: tba | K76: WS1819 | L76: WS/SS | N76: https://www.mikro.wiwi.uni-due.de/studium-lehre/veranstaltungsuebersicht/wintersemester-1920/11076/ | O76: 55 | P76: =VLOOKUP($B76,Liste!$B$2:$C$34,2,FALSE) -> https://www.mikro.wiwi.uni-due.de/ | Q76: https://www.wiwi.uni-due.de/studium-lehre/informationen-zu-den-modulen/neuere-entwicklungen-der-mikrooekonomik-m161/ | R76: englisch | S76: 6 | T76: ME5 (Economics) | U76: no
A77: Neuere Entwicklungen der Ökonometrie | B77: =VLOOKUP($E77,Liste!$A$2:$C$34,2,FALSE) -> Ökonometrie | C77: Econometrics | D77: Vorlesung | E77: Prof. Dr. Christoph Hanck | F77: ECMTX-E | G77: MONTAG | H77: Essen | I77: 0.41666667 | J77: 0.5 | K77: WS1920 | L77: WS | M77: Gelesen von Dr. Paul Navas Alban | N77: https://www.oek.wiwi.uni-due.de/studium-lehre/lehrveranstaltungen/wintersemester-20-21/11976/ | O77: 4 | P77: =VLOOKUP($B77,Liste!$B$2:$C$34,2,FALSE) -> https://www.oek.wiwi.uni-due.de/ | Q77: https://www.wiwi.uni-due.de/studium/informationen-zu-den-modulen/neuere-entwicklungen-der-oekonometrie-m163/ | R77: englisch | S77: 10 | T77: ME2 | U77: no
A78: Neuere Entwicklungen der Ökonometrie | B78: =VLOOKUP($E78,Liste!$A$2:$C$34,2,FALSE) -> Ökonometrie | C78: Econometrics | D78: Vorlesung | E78: Prof. Dr. Christoph Hanck | F78: ECMTX-E-EX | G78: MONTAG | H78: Essen | I78: 0.5 | J78: 0.58333333 | K78: WS1920 | L78: WS | N78: https://www.oek.wiwi.uni-due.de/studium-lehre/lehrveranstaltungen/wintersemester-20-21/11975/ | O78: 4 | P78: =VLOOKUP($B78,Liste!$B$2:$C$34,2,FALSE) -> https://www.oek.wiwi.uni-due.de/ | Q78: https://www.wiwi.uni-due.de/studium/informationen-zu-den-modulen/neuere-entwicklungen-der-oekonometrie-m163/ | R78: englisch | S78: 10 | T78: ME2 | U78: no
A79: Nonparametric Econometrics | B79: =VLOOKUP($E79,Liste!$A$2:$C$34,2,FALSE) -> Ökonometrie | C79: Fortgeschrittene Ökonometrie | D79: Vorlesung | E79: Prof. Dr. Christoph Hanck | F79: NECMX | G79: FREITAG | H79: Essen | I79: 0.41666667 | J79: 0.58333333 | K79: WS1516 | L79: WS | N79: https://www.oek.wiwi.uni-due.de/studium-lehre/lehrveranstaltungen/wintersemester-1516/7498/ | O79: 64 | P79: =VLOOKUP($B79,Liste!$B$2:$C$34,2,FALSE) -> https://www.oek.wiwi.uni-due.de/ | Q79: https://www.wiwi.uni-due.de/studium-lehre/informationen-zu-den-modulen/fortgeschrittene-oekonometrie-m75/ | R79: englisch | S79: 3 | T79: ME7 (Econometric Methods) | U79: no
A80: Nonparametric Econometrics | B80: =VLOOKUP($E80,Liste!$A$2:$C$34,2,FALSE) -> Ökonometrie | C80: Fortgeschrittene Ökonometrie | D80: Übung | E80: Prof. Dr. Christoph Hanck | F80: EX-NECMX | G80: FREITAG | H80: Essen | I80: 0.58333333 | J80: 0.66666667 | K80: WS1516 | L80: WS | N80: https://www.oek.wiwi.uni-due.de/studium-lehre/lehrveranstaltungen/wintersemester-1516/7499/ | O80: 64 | P80: =VLOOKUP($B80,Liste!$B$2:$C$34,2,FALSE) -> https://www.oek.wiwi.uni-due.de/ | Q80: https://www.wiwi.uni-due.de/studium-lehre/informationen-zu-den-modulen/fortgeschrittene-oekonometrie-m75/ | R80: englisch | S80: 3 | T80: ME7 (Econometric Methods) | U80: no
A81: Portfolio Management | B81: =VLOOKUP($E81,Liste!$A$2:$C$34,2,FALSE) -> Chair of Environmental Economics, esp. Economics of Renewable Energy | C81: Portfolio Management | D81: Vorlesung | E81: Jun.-Prof. Dr. Florian Ziel | F81: PM | G81: DIENSTAG | H81: Essen | I81: 0.5 | J81: 0.58333333 | K81: SS20 | L81: SS | M81: Bisher einmalig angeboten | N81: https://www.uee.wiwi.uni-due.de/studium-lehre/sommersemester-20/12213/ | O81: 72 | P81: =VLOOKUP($B81,Liste!$B$2:$C$34,2,FALSE) -> https://www.uee.wiwi.uni-due.de | Q81: https://www.wiwi.uni-due.de/studium/informationen-zu-den-modulen/portfolio-management-880/ | R81: deutsch/englisch | S81: 3 | T81: ME6 (Applied Econometrics) | U81: no
A82: Portfolio Management | B82: =VLOOKUP($E82,Liste!$A$2:$C$34,2,FALSE) -> Chair of Environmental Economics, esp. Economics of Renewable Energy | C82: Portfolio Management | D82: Übung | E82: Jun.-Prof. Dr. Florian Ziel | F82: EX-PM | G82: MITTWOCH | H82: Essen | I82: 0.33333333 | J82: 0.41666667 | K82: SS20 | L82: SS | M82: Bisher einmalig angeboten | N82: https://www.uee.wiwi.uni-due.de/studium-lehre/sommersemester-20/12218/ | O82: 72 | P82: =VLOOKUP($B82,Liste!$B$2:$C$34,2,FALSE) -> https://www.uee.wiwi.uni-due.de | Q82: https://www.wiwi.uni-due.de/studium/informationen-zu-den-modulen/portfolio-management-880/ | R82: deutsch/englisch | S82: 3 | T82: ME6 (Applied Econometrics) | U82: no
A83: Practising Econometric Research | B83: =VLOOKUP($E83,Liste!$A$2:$C$34,2,FALSE) -> Ökonometrie | C83: Practising Econometric Research | D83: Seminar | E83: Prof. Dr. Christoph Hanck | F83: PER | H83: Essen | K83: WS1920 | L83: WS | M83: Kickoff-Meeting am 21.10.2019 | N83: https://www.oek.wiwi.uni-due.de/studium-lehre/lehrveranstaltungen/sommersemester-21/13088/ | O83: 73 | P83: =VLOOKUP($B83,Liste!$B$2:$C$34,2,FALSE) -> https://www.oek.wiwi.uni-due.de/ | Q83: https://www.wiwi.uni-due.de/studium/informationen-zu-den-modulen/practising-econometric-research-889/ | R83: englisch | S83: 6 | T83: ME6 (Applied Econometrics) | U83: yes
A84: Public Economics | B84: =VLOOKUP($E84,Liste!$A$2:$C$34,2,FALSE) -> Finanzwissenschaft und Wirtschaftspolitik | C84: Public Economics | D84: Vorlesung | E84: Dr. Bodo Knoll | F84: PE | G84: MITTWOCH | H84: Bochum | I84: 0.33333333 | J84: 0.5 | K84: SS20 | L84: SS | N84: https://vvz.ruhr-uni-bochum.de/campus/all/event.asp?objgguid=NEW&from=vvz&gguid=0x272B34AAFB7F4E00B974F6DABBE823C5&mode=own&tguid=0x9A7B3E5DBFE949E6A3541F86071B243D&lang=de | O84: 18 | P84: =VLOOKUP($B84,Liste!$B$2:$C$34,2,FALSE) -> https://www.wiwi.ruhr-uni-bochum.de/fiwipo/index.html.de | Q84: https://www.wiwi.ruhr-uni-bochum.de/mam/content/dekanat/master_mhb_12.11.2020.pdf#page=139 | R84: englisch | S84: 10 | T84: ME5 (Economics) | U84: yes
A85: Public Economics | B85: =VLOOKUP($E85,Liste!$A$2:$C$34,2,FALSE) -> Finanzwissenschaft und Wirtschaftspolitik | C85: Public Economics | D85: Übung | E85: Dr. Bodo Knoll | F85: EX-PE | G85: MITTWOCH | H85: Bochum | I85: 0.5 | J85: 0.58333333 | K85: SS20 | L85: SS | M85: 2-wöchentlich | N85: https://vvz.ruhr-uni-bochum.de/campus/all/event.asp?objgguid=NEW&from=vvz&gguid=0x8ED59477C5274E328887E8AF946E7826&mode=own&tguid=0x9A7B3E5DBFE949E6A3541F86071B243D&lang=de | O85: 18 | P85: =VLOOKUP($B85,Liste!$B$2:$C$34,2,FALSE) -> https://www.wiwi.ruhr-uni-bochum.de/fiwipo/index.html.de | Q85: https://www.wiwi.ruhr-uni-bochum.de/mam/content/dekanat/master_mhb_12.11.2020.pdf#page=139 | R85: englisch | S85: 10 | T85: ME5 (Economics) | U85: yes
A86: Quantitative Climate Finance | B86: =VLOOKUP($E86,Liste!$A$2:$C$34,2,FALSE) -> Lehrstuhl für Energiehandel und Finanzdienstleistungen | C86: Quantitative Climate Finance | D86: Vorlesung | E86: Prof. Dr. Rüdiger Kiesel | F86: QCF | G86: MITTWOCH | H86: Essen | I86: 0.41666667 | J86: 0.5 | K86: SS18 | L86: SS | M86: SS17 abweichend: Mo 16:00 Uhr - 18:00 Uhr | N86: https://www.lef.wiwi.uni-due.de/studium-lehre/lehrveranstaltungen/sommersemester-2021/qcf-12684/ | O86: 76 | P86: =VLOOKUP($B86,Liste!$B$2:$C$34,2,FALSE) -> https://www.lef.wiwi.uni-due.de/ | Q86: https://www.wiwi.uni-due.de/studium/informationen-zu-den-modulen/quantitative-climate-finance-673/ | R86: englisch | S86: 3 | T86: ME6 (Applied Econometrics) | U86: yes
A87: Quantitative Climate Finance | B87: =VLOOKUP($E87,Liste!$A$2:$C$34,2,FALSE) -> Lehrstuhl für Energiehandel und Finanzdienstleistungen | C87: Quantitative Climate Finance | D87: Übung | E87: Prof. Dr. Rüdiger Kiesel | F87: EX-QCF | G87: DONNERSTAG | H87: Essen | I87: 0.41666667 | J87: 0.5 | K87: SS18 | L87: SS | M87: SS17 abweichend: Di 10:00 Uhr - 12:00 Uhr | N87: https://www.lef.wiwi.uni-due.de/studium-lehre/lehrveranstaltungen/sommersemester-2021/qcf-12683/ | O87: 76 | P87: =VLOOKUP($B87,Liste!$B$2:$C$34,2,FALSE) -> https://www.lef.wiwi.uni-due.de/ | Q87: https://www.wiwi.uni-due.de/studium/informationen-zu-den-modulen/quantitative-climate-finance-673/ | R87: englisch | S87: 3 | T87: ME6 (Applied Econometrics) | U87: yes
A88: Quantitative Finance | B88: =VLOOKUP($E88,Liste!$A$2:$C$34,2,FALSE) -> Professur Finance | C88: Finance I | D88: Vorlesung | E88: Prof. Dr. Peter N. Posch | F88: FE | G88: DIENSTAG | H88: Dortmund | I88: 8:00 | J88: 12:00 | K88: SS19 | L88: SS | N88: https://www.lsf.tu-dortmund.de/qisserver/rds?state=verpublish&status=init&vmfile=no&publishid=237234&moduleCall=webInfo&publishConfFile=webInfo&publishSubDir=veranstaltung | O88: 39 | P88: =VLOOKUP($B88,Liste!$B$2:$C$34,2,FALSE) -> https://finance.wiwi.tu-dortmund.de/ | Q88: https://wiwi.tu-dortmund.de/storages/wiwi/r/studiengaenge/wiwi-master/wiwi-master-2019/ma-wiwi-2019-modulhandbuch-neu.pdf#page=8 | R88: englisch | S88: 4 | T88: ME5 (Economics) | U88: yes
A89: Quantitative Finance | B89: =VLOOKUP($E89,Liste!$A$2:$C$34,2,FALSE) -> Professur Finance | C89: Finance I | D89: Vorlesung | E89: Prof. Dr. Peter N. Posch | F89: AQF | G89: MONTAG | H89: Dortmund | I89: 8:30 | J89: 12:00 | K89: SS19 | L89: SS | M89: Veranstaltung im WiWi-Modul "Finance I" SS17 abweichend: 12:00 Uhr - 14:00 Uhr SS18: Applied | N89: https://www.lsf.tu-dortmund.de/qisserver/rds?state=verpublish&status=init&vmfile=no&publishid=237234&moduleCall=webInfo&publishConfFile=webInfo&publishSubDir=veranstaltung | O89: 39 | P89: =VLOOKUP($B89,Liste!$B$2:$C$34,2,FALSE) -> https://finance.wiwi.tu-dortmund.de/ | Q89: https://wiwi.tu-dortmund.de/storages/wiwi/r/studiengaenge/wiwi-master/wiwi-master-2019/ma-wiwi-2019-modulhandbuch-neu.pdf#page=8 | R89: englisch | S89: 3.5 | T89: ME6 (Applied Econometrics) | U89: yes
A90: Quantitative Modelle internationaler Wirtschaftsbeziehungen | B90: =VLOOKUP($E90,Liste!$A$2:$C$34,2,FALSE) -> Lehrstuhl für VWL, insb. Internationale Wirtschaftsbeziehungen | C90: Quantitative Modelle internationaler Wirtschaftsbeziehungen | D90: Vorlesung | E90: Prof. Dr. Volker Clausen | F90: QAIE | G90: MITTWOCH | H90: Essen | I90: 0.41666667 | J90: 0.5 | K90: WS1819 | L90: WS | N90: https://www.iwb.wiwi.uni-due.de/studium-lehre/lehrveranstaltungen/wintersemester-20-21/qm-iwb-12421/ | O90: 75 | P90: =VLOOKUP($B90,Liste!$B$2:$C$34,2,FALSE) -> https://www.iwb.wiwi.uni-due.de/ | Q90: https://www.wiwi.uni-due.de/studium-lehre/informationen-zu-den-modulen/quantitative-modelle-internationaler-wirtschaftsbeziehungen-m513/ | R90: deutsch | S90: 3 | T90: ME6 (Applied Econometrics) | U90: no
A91: Quantitative Modelle internationaler Wirtschaftsbeziehungen | B91: =VLOOKUP($E91,Liste!$A$2:$C$34,2,FALSE) -> Lehrstuhl für VWL, insb. Internationale Wirtschaftsbeziehungen | C91: Quantitative Modelle internationaler Wirtschaftsbeziehungen | D91: Übung | E91: Prof. Dr. Volker Clausen | F91: EX-QAIE | G91: MITTWOCH | H91: Essen | I91: 0.5 | J91: 0.58333333 | K91: WS1718 | L91: WS | N91: https://www.iwb.wiwi.uni-due.de/studium-lehre/lehrveranstaltungen/wintersemester-20-21/qm-iwb-ue-12420/ | O91: 75 | P91: =VLOOKUP($B91,Liste!$B$2:$C$34,2,FALSE) -> https://www.iwb.wiwi.uni-due.de/ | Q91: https://www.wiwi.uni-due.de/studium-lehre/informationen-zu-den-modulen/quantitative-modelle-internationaler-wirtschaftsbeziehungen-m513/ | R91: deutsch | S91: 3 | T91: ME6 (Applied Econometrics) | U91: no
A92: Reserach Topics in Finance, Risk- and Resourcemanagement | B92: =VLOOKUP($E92,Liste!$A$2:$C$34,2,FALSE) -> Professur Finance | C92: Finance V | D92: Vorlesung mit integriertem Seminar | E92: Prof. Dr. Peter N. Posch | F92: RTFRRM | G92: MONTAG | H92: Dortmund | I92: 0.66666667 | J92: 0.72916667 | K92: SS18 | L92: SS/WS | M92: Veranstaltung im WiWi-Modul "Finance V" In SS17 abweichend: Mo 16:00 Uhr - 18:00 Uhr | N92: https://www.lsf.tu-dortmund.de/qisserver/rds?state=verpublish&status=init&vmfile=no&publishid=237235&moduleCall=webInfo&publishConfFile=webInfo&publishSubDir=veranstaltung | O92: 41 | P92: =VLOOKUP($B92,Liste!$B$2:$C$34,2,FALSE) -> https://finance.wiwi.tu-dortmund.de/ | Q92: https://wiwi.tu-dortmund.de/storages/wiwi/r/studiengaenge/wiwi-master/wiwi-master-2019/ma-wiwi-2019-modulhandbuch-neu.pdf#page=12 | R92: englisch | S92: 4 | T92: ME5 (Economics) | U92: yes
A93: Robuste statistische Verfahren | B93: =VLOOKUP($E93,Liste!$A$2:$C$34,2,FALSE) -> Statistik mit Anwendungen im Bereich der Ingenieurwissenschaften | C93: Advanced Topics in Econometric Methods | D93: Vorlesung | E93: Prof. Dr. Christine Müller | F93: RS | G93: MITTWOCH | H93: Dortmund | I93: 0.41666667 | J93: 0.5 | K93: SS19 | L93: SS | N93: https://www.lsf.tu-dortmund.de/qisserver/rds?state=verpublish&status=init&vmfile=no&publishid=205908&moduleCall=webInfo&publishConfFile=webInfo&publishSubDir=veranstaltung | O93: 44 | P93: =VLOOKUP($B93,Liste!$B$2:$C$34,2,FALSE) -> https://www.statistik.tu-dortmund.de/ingenieurswissenschaften.html | Q93: https://www.statistik.tu-dortmund.de/fileadmin/user_upload/Studium/Vorlesungsverzeichnis/SS2017/Kommentierte_VVZ/KommVVZ_2017_Robuste_Statistik.pdf | R93: deutsch | S93: 9 | T93: ME7 (Econometric Methods) | U93: no
A94: Robuste statistische Verfahren | B94: =VLOOKUP($E94,Liste!$A$2:$C$34,2,FALSE) -> Statistik mit Anwendungen im Bereich der Ingenieurwissenschaften | C94: Advanced Topics in Econometric Methods | D94: Übung | E94: Prof. Dr. Christine Müller | F94: EX-RS | G94: DIENSTAG | H94: Dortmund | I94: 0.5 | J94: 0.58333333 | K94: SS19 | L94: SS | N94: https://www.lsf.tu-dortmund.de/qisserver/rds?state=verpublish&status=init&vmfile=no&publishid=205909&moduleCall=webInfo&publishConfFile=webInfo&publishSubDir=veranstaltung | O94: 44 | P94: =VLOOKUP($B94,Liste!$B$2:$C$34,2,FALSE) -> https://www.statistik.tu-dortmund.de/ingenieurswissenschaften.html | Q94: https://www.statistik.tu-dortmund.de/fileadmin/user_upload/Studium/Vorlesungsverzeichnis/SS2017/Kommentierte_VVZ/KommVVZ_2017_Robuste_Statistik.pdf | R94: deutsch | S94: 9 | T94: ME7 (Econometric Methods) | U94: no
A95: Seminar in Applied Economic Policy | B95: =VLOOKUP($E95,Liste!$A$2:$C$34,2,FALSE) -> Lehrstuhl für Wirtschaftspolitik und angewandte Ökonometrie | C95: Seminar in Applied Economic Policy | D95: Seminar | E95: Prof. Dr. Christoph M. Schmidt | F95: SAEP | H95: Bochum | K95: WS2021 | L95: WS/SS | M95: In WS1920: Kickoff-Metting Fr. 18.10 10:00 Uhr | N95: https://vvz.ruhr-uni-bochum.de/campus/all/event.asp?objgguid=NEW&from=&gguid=0xED43BC2618514FF9B136E408893BCE99&mode=&tguid=0x9A7B3E5DBFE949E6A3541F86071B243D&lang=de | O95: 31 | P95: =VLOOKUP($B95,Liste!$B$2:$C$34,2,FALSE) -> https://www.wiwi.ruhr-uni-bochum.de/wipooek/index.html.de | Q95: https://www.wiwi.ruhr-uni-bochum.de/mam/content/dekanat/master_mhb_12.11.2020.pdf#page=110 | R95: englisch | S95: 5 | T95: ME5 (Economics) | U95: yes
A96: Seminar in Econometrics | B96: =VLOOKUP($E96,Liste!$A$2:$C$34,2,FALSE) -> Quantitative Analyse (Statistik/Ökonometrie) | C96: Seminar in Econometrics | D96: Seminar | E96: Prof. Dr. Vasyl Golosnoy | F96: SECMX | G96: MONTAG | H96: Bochum | I96: 16:00 | J96: 18:00 | K96: WS2021 | L96: WS/SS | M96: Kein Lehrangebot im WS1920 | N96: https://www.wiwi.ruhr-uni-bochum.de/statoek/lehre/sose21.html.de | O96: 30 | P96: =VLOOKUP($B96,Liste!$B$2:$C$34,2,FALSE) -> https://www.wiwi.ruhr-uni-bochum.de/statoek/index.html.de | Q96: https://www.wiwi.ruhr-uni-bochum.de/mam/content/dekanat/master_mhb_12.11.2020.pdf#page=442 | R96: englisch | S96: 5 | T96: ME7 (Econometric Methods) | U96: yes
A97: Seminar in Economic Theory I | B97: =VLOOKUP($E97,Liste!$A$2:$C$34,2,FALSE) -> VWL (Mikroökonomie) | C97: Mikroökonomie II | D97: Seminar | E97: Prof. Dr. Wolfgang Leininger | F97: SETI | G97: FREITAG | H97: Dortmund | I97: 0.41666667 | J97: 0.58333333 | K97: WS1920 | L97: WS | M97: 2. wöchentlich | N97: https://www.lsf.tu-dortmund.de/qisserver/rds?state=verpublish&status=init&vmfile=no&publishid=214253&moduleCall=webInfo&publishConfFile=webInfo&publishSubDir=veranstaltung | O97: 34 | P97: =VLOOKUP($B97,Liste!$B$2:$C$34,2,FALSE) -> https://www.wiwi2.tu-dortmund.de/wiwi/mik/de/lehrstuhl/index.html | R97: englisch | S97: 4 | T97: ME5 (Economics) | U97: no
A98: Seminar in Microeconometrics | B98: =VLOOKUP($E98,Liste!$A$2:$C$34,2,FALSE) -> Empirical Economics | C98: Seminar in Microeconometrics | D98: Seminar | E98: Prof. Dr. Thomas K. Bauer | F98: SMECMX | G98: MITTWOCH | H98: Bochum | I98: 0.58333333 | J98: 0.66666667 | K98: WS1920 | L98: WS | N98: https://vvz.ruhr-uni-bochum.de/campus/all/event.asp?gguid=0xDA5AE524C2A74B25B0225B169340803C&from=&tabID=1&tguid=0xF13C2A4A39064F2295BE2AE837945F8E&objgguid=NEW&lang=de | O98: 26 | P98: =VLOOKUP($B98,Liste!$B$2:$C$34,2,FALSE) -> https://www.wiwi.ruhr-uni-bochum.de/empwifo/index.html.en | Q98: https://www.wiwi.ruhr-uni-bochum.de/mam/content/dekanat/master_mhb_12.11.2020.pdf#page=129 | R98: englisch | S98: 10 | T98: ME6 (Applied Econometrics) | U98: no
A99: Seminar on Health Economics and Health Policy | B99: =VLOOKUP($E99,Liste!$A$2:$C$34,2,FALSE) -> Apl.-Professur für Health Economics | C99: Seminar on Health Economics and Health Policy: Population Ageing and its Challenges for Health Systems | D99: Seminar | E99: Prof. Dr. Ansgar Wübker | F99: SHEHP | H99: Bochum/RGS | K99: WS2021 | L99: WS | M99: In WS1920 Kickoff-Meeting am 17.10.2019 Blockveranst.09.-10.01.2020 9-17 Uhr , RWI | N99: https://vvz.ruhr-uni-bochum.de/campus/all/event.asp?objgguid=NEW&from=&gguid=0xE8E555FEBFD14A8092DE2B55E7F8A524&mode=&tguid=0x80B5E42E2E744540BF79A272358D1095&lang=de | O99: 19 | P99: =VLOOKUP($B99,Liste!$B$2:$C$34,2,FALSE) -> https://www.wiwi.ruhr-uni-bochum.de/health/index.html.de | Q99: https://www.wiwi.ruhr-uni-bochum.de/mam/content/dekanat/master_mhb_12.11.2020.pdf#page=143 | R99: englisch | S99: 5 | T99: ME5 (Economics) | U99: no
A100: Sequentielle Verfahren | B100: =VLOOKUP($E100,Liste!$A$2:$C$34,2,FALSE) -> Statistik mit Anwendungen im Bereich der Ingenieurwissenschaften | C100: Advanced Topics in Econometric Methods | D100: Übung | E100: Prof. Dr. Christine Müller | F100: EX-SV | G100: DONNERSTAG | H100: Dortmund | I100: 16:00 | J100: 18:00 | K100: SS19 | L100: SS | N100: https://www.lsf.tu-dortmund.de/qisserver/rds?state=verpublish&status=init&vmfile=no&publishid=213137&moduleCall=webInfo&publishConfFile=webInfo&publishSubDir=veranstaltung | O100: 44 | P100: =VLOOKUP($B100,Liste!$B$2:$C$34,2,FALSE) -> https://www.statistik.tu-dortmund.de/ingenieurswissenschaften.html | R100: deutsch | S100: 9 | T100: ME7 (Econometric Methods) | U100: no
...

Sheet Übersicht Winter 19
A2: course | B2: module | C2: language | D2: ECTS | E2: section | F2: offered in winter 19
A3: Advanced Business Cycle Analysis | B3: Applied Economics III | C3: englisch | D3: 7.5 | E3: ME5 (Economics) | F3: no
A4: Advanced Econometrics | B4: Advanced Econometrics | C4: deutsch/englisch | D4: 9 | E4: ME7 (Econometric Methods) | F4: no
A5: Advanced Forecasting in Energy Markets | B5: Advanced Forecasting in Energy Markets | C5: englisch | D5: 6 | E5: ME6 (Applied Econometrics) | F5: no
A6: Advanced R for Econometricians | B6: Advanced R for Econometricians | C6: englisch | D6: 6 | E6: ME6 (Applied Econometrics) | F6: yes
A7: Advanced Statistical Learning | B7: Advanced Topics in Econometric Methods | C7: englisch | D7: 9 | E7: ME7 (Econometric Methods) | F7: yes
A8: Applied Macroeconometrics | B8: Applied Economics II | C8: deutsch/englisch | D8: 7.5 | E8: ME6 (Applied Econometrics) | F8: no
A9: Applied Monetary Economics | B9: Applied Economics I | C9: deutsch/englisch | D9: 3.5 | E9: ME5 (Economics) | F9: yes
A10: Applied Time Series Analysis | B10: Applied Time Series Analysis | C10: englisch | D10: 10 | E10: ME6 (Applied Econometrics) | F10: no
A11: Auctions: Theory, Applications and Experiments | B11: Mikroökonomie II | C11: englisch | D11: 4 | E11: ME5 (Economics) | F11: no
A12: Bayes-Statistik | B12: Bayes-Statistik | C12: deutsch | D12: 9 | E12: ME7 (Econometric Methods) | F12: no
A13: Bayesian Econometrics | B13: Fortgeschrittene Ökonometrie | C13: englisch | D13: 6 | E13: ME7 (Econometric Methods) | F13: yes
A14: Case Studies | B14: Case Studies | C14: deutsch | D14: 8 | E14: ME3 | F14: yes
... A36: International Capital Movements | B36: International Capital Movements | C36: englisch | D36: 6 | E36: ME5 (Economics) | F36: no
A37: Maschinelles Lernen | B37: Maschinelles Lernen | C37: deutsch | E37: ME6 (Applied Econometrics) | F37: yes
A38: Microeconometrics | B38: Microeconometrics | C38: englisch | D38: 10 | E38: ME7 (Econometric Methods) | F38: no
A39: Microeconometrics and Empirical Applications | B39: Wirtschaftspolitik II | C39: deutsch/englisch | D39: 7.5 | E39: ME6 (Applied Econometrics) | F39: yes
A40: Mikroökonometrie / Microeconometrics | B40: Mikroökonometrie / Microeconometrics | C40: englisch | D40: 6 | E40: ME6 (Applied Econometrics) | F40: no
A41: Multivariate Statistical Methods | B41: Multivariate Statistical Methods | C41: englisch | D41: 10 | E41: ME7 (Econometric Methods) | F41: no
A42: Netzwerkanalyse | B42: Advanced Topics in Econometric Methods | C42: deutsch | D42: 9 | E42: ME7 (Econometric Methods) | F42: yes
A43: Neuere Entwicklungen der Mikroökonomik | B43: Neuere Entwicklungen der Mikroökonomik | C43: englisch | D43: 6 | E43: ME5 (Economics) | F43: yes
A44: Nonparametric Econometrics | B44: Fortgeschrittene Ökonometrie | C44: englisch | D44: 6 | E44: ME7 (Econometric Methods) | F44: no
A45: Portfolio Management | B45: Portfolio Management | C45: deutsch/englisch | D45: 6 | E45: ME6 (Applied Econometrics) | F45: no
A46: Practising Econometric Research | B46: Practising Econometric Research | C46: englisch | D46: 6 | E46: ME6 (Applied Econometrics) | F46: yes
A47: Public Economics | B47: Public Economics | C47: englisch | D47: 10 | E47: ME5 (Economics) | F47: no
A48: Quantitative Climate Finance | B48: Quantitative Climate Finance | C48: englisch | D48: 6 | E48: ME6 (Applied Econometrics) | F48: no
A49: Quantitative Finance | B49: Finance I | C49: englisch | D49: 4 | E49: ME5 (Economics) | F49: no
... A73: Wissensentdeckung in Datenbanken | B73: Wissensentdeckung in Datenbanken | C73: deutsch | D73: 8 | E73: ME6 (Applied Econometrics) | F73: no
